FIPS,State,County,acres_2006,acres_2012,change_acres,pct_change
01003,ALABAMA,BALDWIN,2100.0,3100.0,1000.0,47.61904761904761
01015,ALABAMA,CALHOUN,1000.0,1600.0,600.0,60.0
01019,ALABAMA,CHEROKEE,1800.0,4800.0,3000.0,166.66666666666669
01031,ALABAMA,COFFEE,6500.0,3400.0,-3100.0,-47.69230769230769
01033,ALABAMA,COLBERT,11500.0,24500.0,13000.0,113.04347826086956
01035,ALABAMA,CONECUH,1800.0,800.0,-1000.0,-55.55555555555556
01043,ALABAMA,CULLMAN,3300.0,3500.0,200.0,6.0606060606060606
01045,ALABAMA,DALE,4000.0,2200.0,-1800.0,-45.0
01047,ALABAMA,DALLAS,3600.0,5000.0,1400.0,38.88888888888889
01049,ALABAMA,DE KALB,10600.0,12700.0,2100.0,19.81132075471698
01051,ALABAMA,ELMORE,2400.0,3000.0,600.0,25.0
01053,ALABAMA,ESCAMBIA,1800.0,2300.0,500.0,27.77777777777778
01055,ALABAMA,ETOWAH,2000.0,2900.0,900.0,45.0
01057,ALABAMA,FAYETTE,2000.0,1800.0,-200.0,-10.0
01067,ALABAMA,HENRY,3500.0,2400.0,-1100.0,-31.428571428571427
01069,ALABAMA,HOUSTON,4800.0,2100.0,-2700.0,-56.25
01071,ALABAMA,JACKSON,19000.0,28700.0,9700.0,51.05263157894737
01077,ALABAMA,LAUDERDALE,8900.0,26600.0,17700.0,198.87640449438203
01079,ALABAMA,LAWRENCE,15000.0,33300.0,18300.0,122.0
01083,ALABAMA,LIMESTONE,7500.0,31900.0,24400.0,325.3333333333333
01089,ALABAMA,MADISON,8900.0,34900.0,26000.0,292.13483146067415
01095,ALABAMA,MARSHALL,3500.0,4500.0,1000.0,28.57142857142857
01103,ALABAMA,MORGAN,6000.0,7600.0,1600.0,26.666666666666668
01109,ALABAMA,PIKE,4300.0,2400.0,-1900.0,-44.18604651162791
01121,ALABAMA,TALLADEGA,6800.0,8500.0,1700.0,25.0
01125,ALABAMA,TUSCALOOSA,3200.0,2700.0,-500.0,-15.625
05003,ARKANSAS,ASHLEY,3100.0,30200.0,27100.0,874.1935483870968
05017,ARKANSAS,CHICOT,14300.0,50600.0,36300.0,253.84615384615384
05021,ARKANSAS,CLAY,22000.0,32600.0,10600.0,48.18181818181818
05029,ARKANSAS,CONWAY,3400.0,3600.0,200.0,5.88235294117647
05031,ARKANSAS,CRAIGHEAD,5800.0,31600.0,25800.0,444.8275862068965
05041,ARKANSAS,DESHA,3400.0,51900.0,48500.0,1426.4705882352941
05045,ARKANSAS,FAULKNER,1600.0,1400.0,-200.0,-12.5
05055,ARKANSAS,GREENE,5200.0,22800.0,17600.0,338.46153846153845
05063,ARKANSAS,INDEPENDENCE,6200.0,8300.0,2100.0,33.87096774193548
05067,ARKANSAS,JACKSON,11000.0,12700.0,1700.0,15.454545454545453
05069,ARKANSAS,JEFFERSON,8500.0,52600.0,44100.0,518.8235294117648
05077,ARKANSAS,LEE,2800.0,28300.0,25500.0,910.7142857142858
05085,ARKANSAS,LONOKE,4700.0,32500.0,27800.0,591.4893617021277
05093,ARKANSAS,MISSISSIPPI,4300.0,24800.0,20500.0,476.7441860465116
05095,ARKANSAS,MONROE,8400.0,35400.0,27000.0,321.42857142857144
05107,ARKANSAS,PHILLIPS,5700.0,39500.0,33800.0,592.9824561403509
05117,ARKANSAS,PRAIRIE,3600.0,14600.0,11000.0,305.55555555555554
05121,ARKANSAS,RANDOLPH,3800.0,8000.0,4200.0,110.5263157894737
05145,ARKANSAS,WHITE,2000.0,6800.0,4800.0,240.0
05147,ARKANSAS,WOODRUFF,10500.0,20700.0,10200.0,97.14285714285714
06007,CALIFORNIA,BUTTE,600.0,1200.0,600.0,100.0
06011,CALIFORNIA,COLUSA,1300.0,6800.0,5500.0,423.0769230769231
06021,CALIFORNIA,GLENN,12500.0,18500.0,6000.0,48.0
06029,CALIFORNIA,KERN,34000.0,35500.0,1500.0,4.411764705882353
06031,CALIFORNIA,KINGS,62000.0,64000.0,2000.0,3.225806451612903
06047,CALIFORNIA,MERCED,71000.0,85000.0,14000.0,19.718309859154928
06067,CALIFORNIA,SACRAMENTO,28000.0,36200.0,8200.0,29.28571428571429
06077,CALIFORNIA,SAN JOAQUIN,65000.0,97000.0,32000.0,49.23076923076923
06095,CALIFORNIA,SOLANO,3600.0,12500.0,8900.0,247.22222222222223
06099,CALIFORNIA,STANISLAUS,51000.0,47500.0,-3500.0,-6.862745098039216
06101,CALIFORNIA,SUTTER,2000.0,12200.0,10200.0,509.99999999999994
06107,CALIFORNIA,TULARE,122000.0,135000.0,13000.0,10.655737704918032
06113,CALIFORNIA,YOLO,3000.0,21500.0,18500.0,616.6666666666667
08001,COLORADO,ADAMS,6700.0,30100.0,23400.0,349.25373134328356
08009,COLORADO,BACA,44800.0,67000.0,22200.0,49.55357142857143
08017,COLORADO,CHEYENNE,52000.0,63000.0,11000.0,21.153846153846153
08063,COLORADO,KIT CARSON,167000.0,219000.0,52000.0,31.137724550898206
08069,COLORADO,LARIMER,12700.0,13500.0,800.0,6.299212598425196
08073,COLORADO,LINCOLN,16600.0,47000.0,30400.0,183.13253012048193
08075,COLORADO,LOGAN,63800.0,96000.0,32200.0,50.470219435736674
08087,COLORADO,MORGAN,58400.0,78000.0,19600.0,33.56164383561644
08089,COLORADO,OTERO,2600.0,8300.0,5700.0,219.23076923076925
08095,COLORADO,PHILLIPS,95000.0,118800.0,23800.0,25.05263157894737
08099,COLORADO,PROWERS,9500.0,19400.0,9900.0,104.21052631578947
08101,COLORADO,PUEBLO,3200.0,6200.0,3000.0,93.75
08115,COLORADO,SEDGWICK,44600.0,62000.0,17400.0,39.01345291479821
08121,COLORADO,WASHINGTON,45000.0,94400.0,49400.0,109.77777777777777
08123,COLORADO,WELD,104100.0,135800.0,31700.0,30.45148895292987
08125,COLORADO,YUMA,223200.0,261000.0,37800.0,16.93548387096774
10001,DELAWARE,KENT,52500.0,56000.0,3500.0,6.666666666666667
10003,DELAWARE,NEW CASTLE,19000.0,21000.0,2000.0,10.526315789473683
10005,DELAWARE,SUSSEX,98500.0,108000.0,9500.0,9.644670050761421
13001,GEORGIA,APPLING,5400.0,3300.0,-2100.0,-38.88888888888889
13003,GEORGIA,ATKINSON,2500.0,2600.0,100.0,4.0
13007,GEORGIA,BAKER,5700.0,9600.0,3900.0,68.42105263157895
13015,GEORGIA,BARTOW,2200.0,2600.0,400.0,18.181818181818183
13017,GEORGIA,BEN HILL,4400.0,1900.0,-2500.0,-56.81818181818182
13019,GEORGIA,BERRIEN,5800.0,3600.0,-2200.0,-37.93103448275862
13023,GEORGIA,BLECKLEY,900.0,3900.0,3000.0,333.33333333333337
13025,GEORGIA,BRANTLEY,850.0,1000.0,150.0,17.647058823529413
13027,GEORGIA,BROOKS,6200.0,6300.0,100.0,1.6129032258064515
13031,GEORGIA,BULLOCH,7000.0,4000.0,-3000.0,-42.857142857142854
13033,GEORGIA,BURKE,6200.0,12700.0,6500.0,104.83870967741935
13037,GEORGIA,CALHOUN,3900.0,10400.0,6500.0,166.66666666666669
13055,GEORGIA,CHATTOOGA,900.0,1700.0,800.0,88.88888888888889
13069,GEORGIA,COFFEE,6000.0,4800.0,-1200.0,-20.0
13071,GEORGIA,COLQUITT,2600.0,3000.0,400.0,15.384615384615385
13075,GEORGIA,COOK,1400.0,1400.0,0.0,0.0
13081,GEORGIA,CRISP,1900.0,1000.0,-900.0,-47.368421052631575
13087,GEORGIA,DECATUR,6800.0,13200.0,6400.0,94.11764705882352
13091,GEORGIA,DODGE,2000.0,3000.0,1000.0,50.0
13099,GEORGIA,EARLY,3800.0,9300.0,5500.0,144.73684210526315
13103,GEORGIA,EFFINGHAM,4000.0,2000.0,-2000.0,-50.0
13107,GEORGIA,EMANUEL,3000.0,1400.0,-1600.0,-53.333333333333336
13109,GEORGIA,EVANS,2300.0,1700.0,-600.0,-26.08695652173913
13115,GEORGIA,FLOYD,2600.0,3000.0,400.0,15.384615384615385
13129,GEORGIA,GORDON,4400.0,4300.0,-100.0,-2.272727272727273
13131,GEORGIA,GRADY,11000.0,8000.0,-3000.0,-27.27272727272727
13139,GEORGIA,HALL,600.0,900.0,300.0,50.0
13147,GEORGIA,HART,1300.0,1000.0,-300.0,-23.076923076923077
13153,GEORGIA,HOUSTON,2400.0,2300.0,-100.0,-4.166666666666666
13155,GEORGIA,IRWIN,11000.0,8300.0,-2700.0,-24.545454545454547
13161,GEORGIA,JEFF DAVIS,1300.0,3300.0,2000.0,153.84615384615387
13163,GEORGIA,JEFFERSON,6200.0,9500.0,3300.0,53.2258064516129
13165,GEORGIA,JENKINS,1900.0,3000.0,1100.0,57.89473684210527
13167,GEORGIA,JOHNSON,900.0,1000.0,100.0,11.11111111111111
13175,GEORGIA,LAURENS,4300.0,5900.0,1600.0,37.2093023255814
13177,GEORGIA,LEE,11000.0,11000.0,0.0,0.0
13185,GEORGIA,LOWNDES,2500.0,1900.0,-600.0,-24.0
13193,GEORGIA,MACON,8400.0,8200.0,-200.0,-2.380952380952381
13197,GEORGIA,MARION,700.0,1500.0,800.0,114.28571428571428
13201,GEORGIA,MILLER,4800.0,13100.0,8300.0,172.91666666666669
13205,GEORGIA,MITCHELL,9000.0,14800.0,5800.0,64.44444444444444
13229,GEORGIA,PIERCE,6000.0,5000.0,-1000.0,-16.666666666666664
13233,GEORGIA,POLK,1000.0,1300.0,300.0,30.0
13243,GEORGIA,RANDOLPH,3700.0,8200.0,4500.0,121.62162162162163
13251,GEORGIA,SCREVEN,7300.0,5400.0,-1900.0,-26.027397260273972
13253,GEORGIA,SEMINOLE,3800.0,11900.0,8100.0,213.15789473684214
13261,GEORGIA,SUMTER,9000.0,10000.0,1000.0,11.11111111111111
13267,GEORGIA,TATTNALL,5400.0,4000.0,-1400.0,-25.925925925925924
13271,GEORGIA,TELFAIR,1200.0,3100.0,1900.0,158.33333333333331
13273,GEORGIA,TERRELL,5000.0,10500.0,5500.0,110.00000000000001
13277,GEORGIA,TIFT,1300.0,1700.0,400.0,30.76923076923077
13279,GEORGIA,TOOMBS,2500.0,4000.0,1500.0,60.0
13287,GEORGIA,TURNER,2300.0,2400.0,100.0,4.3478260869565215
13291,GEORGIA,UNION,500.0,500.0,0.0,0.0
13299,GEORGIA,WARE,3100.0,2500.0,-600.0,-19.35483870967742
13303,GEORGIA,WASHINGTON,2200.0,3400.0,1200.0,54.54545454545454
13305,GEORGIA,WAYNE,4700.0,2300.0,-2400.0,-51.06382978723404
13307,GEORGIA,WEBSTER,1500.0,500.0,-1000.0,-66.66666666666666
13309,GEORGIA,WHEELER,700.0,1800.0,1100.0,157.14285714285714
13311,GEORGIA,WHITE,900.0,1100.0,200.0,22.22222222222222
13315,GEORGIA,WILCOX,1300.0,3000.0,1700.0,130.76923076923077
13321,GEORGIA,WORTH,4300.0,6800.0,2500.0,58.139534883720934
17001,ILLINOIS,ADAMS,131000.0,169500.0,38500.0,29.389312977099237
17005,ILLINOIS,BOND,57000.0,75000.0,18000.0,31.57894736842105
17009,ILLINOIS,BROWN,47000.0,43500.0,-3500.0,-7.446808510638298
17011,ILLINOIS,BUREAU,270000.0,309500.0,39500.0,14.629629629629628
17013,ILLINOIS,CALHOUN,19000.0,27500.0,8500.0,44.73684210526316
17015,ILLINOIS,CARROLL,137000.0,147000.0,10000.0,7.2992700729927
17017,ILLINOIS,CASS,84000.0,92000.0,8000.0,9.523809523809524
17019,ILLINOIS,CHAMPAIGN,280000.0,292500.0,12500.0,4.464285714285714
17021,ILLINOIS,CHRISTIAN,219000.0,220500.0,1500.0,0.684931506849315
17023,ILLINOIS,CLARK,97000.0,105500.0,8500.0,8.762886597938143
17027,ILLINOIS,CLINTON,85000.0,104500.0,19500.0,22.941176470588236
17029,ILLINOIS,COLES,115000.0,125500.0,10500.0,9.130434782608695
17033,ILLINOIS,CRAWFORD,78000.0,93500.0,15500.0,19.871794871794872
17035,ILLINOIS,CUMBERLAND,66000.0,75500.0,9500.0,14.393939393939394
17037,ILLINOIS,DE KALB,211000.0,233500.0,22500.0,10.66350710900474
17039,ILLINOIS,DE WITT,107000.0,112000.0,5000.0,4.672897196261682
17041,ILLINOIS,DOUGLAS,134000.0,124000.0,-10000.0,-7.462686567164178
17045,ILLINOIS,EDGAR,171000.0,180000.0,9000.0,5.263157894736842
17047,ILLINOIS,EDWARDS,34000.0,45500.0,11500.0,33.82352941176471
17049,ILLINOIS,EFFINGHAM,84000.0,95000.0,11000.0,13.095238095238097
17051,ILLINOIS,FAYETTE,105000.0,133000.0,28000.0,26.666666666666668
17053,ILLINOIS,FORD,142000.0,156000.0,14000.0,9.859154929577464
17055,ILLINOIS,FRANKLIN,35000.0,49000.0,14000.0,40.0
17057,ILLINOIS,FULTON,132000.0,155500.0,23500.0,17.803030303030305
17059,ILLINOIS,GALLATIN,72000.0,79500.0,7500.0,10.416666666666668
17061,ILLINOIS,GREENE,109000.0,126000.0,17000.0,15.59633027522936
17063,ILLINOIS,GRUNDY,111000.0,114500.0,3500.0,3.153153153153153
17065,ILLINOIS,HAMILTON,59000.0,73500.0,14500.0,24.576271186440678
17067,ILLINOIS,HANCOCK,156000.0,181000.0,25000.0,16.025641025641026
17069,ILLINOIS,HARDIN,2000.0,5000.0,3000.0,150.0
17071,ILLINOIS,HENDERSON,92000.0,103000.0,11000.0,11.956521739130435
17073,ILLINOIS,HENRY,220000.0,252500.0,32500.0,14.772727272727273
17075,ILLINOIS,IROQUOIS,330000.0,368000.0,38000.0,11.515151515151516
17077,ILLINOIS,JACKSON,27000.0,42500.0,15500.0,57.407407407407405
17079,ILLINOIS,JASPER,94000.0,111000.0,17000.0,18.085106382978726
17083,ILLINOIS,JERSEY,69000.0,74000.0,5000.0,7.246376811594203
17085,ILLINOIS,JO DAVIESS,81000.0,107000.0,26000.0,32.098765432098766
17089,ILLINOIS,KANE,83000.0,94500.0,11500.0,13.855421686746988
17091,ILLINOIS,KANKAKEE,182000.0,207500.0,25500.0,14.010989010989011
17093,ILLINOIS,KENDALL,74000.0,92000.0,18000.0,24.324324324324326
17095,ILLINOIS,KNOX,158000.0,171500.0,13500.0,8.544303797468354
17099,ILLINOIS,LA SALLE,298000.0,332000.0,34000.0,11.409395973154362
17103,ILLINOIS,LEE,250000.0,284500.0,34500.0,13.8
17105,ILLINOIS,LIVINGSTON,294000.0,318500.0,24500.0,8.333333333333332
17107,ILLINOIS,LOGAN,198000.0,217000.0,19000.0,9.595959595959595
17109,ILLINOIS,MCDONOUGH,146000.0,160000.0,14000.0,9.58904109589041
17111,ILLINOIS,MCHENRY,91000.0,106500.0,15500.0,17.032967032967033
17113,ILLINOIS,MCLEAN,345000.0,346500.0,1500.0,0.43478260869565216
17115,ILLINOIS,MACON,161000.0,168000.0,7000.0,4.3478260869565215
17117,ILLINOIS,MACOUPIN,199000.0,217000.0,18000.0,9.045226130653267
17119,ILLINOIS,MADISON,104000.0,114000.0,10000.0,9.615384615384617
17121,ILLINOIS,MARION,62000.0,80000.0,18000.0,29.03225806451613
17123,ILLINOIS,MARSHALL,102000.0,114000.0,12000.0,11.76470588235294
17125,ILLINOIS,MASON,123000.0,144500.0,21500.0,17.479674796747968
17129,ILLINOIS,MENARD,81000.0,87500.0,6500.0,8.024691358024691
17131,ILLINOIS,MERCER,136000.0,148000.0,12000.0,8.823529411764707
17133,ILLINOIS,MONROE,45000.0,57500.0,12500.0,27.77777777777778
17135,ILLINOIS,MONTGOMERY,170000.0,176000.0,6000.0,3.5294117647058822
17137,ILLINOIS,MORGAN,139000.0,158500.0,19500.0,14.028776978417264
17139,ILLINOIS,MOULTRIE,96000.0,98000.0,2000.0,2.083333333333333
17141,ILLINOIS,OGLE,205000.0,253500.0,48500.0,23.65853658536585
17143,ILLINOIS,PEORIA,110000.0,114000.0,4000.0,3.6363636363636362
17145,ILLINOIS,PERRY,43000.0,55000.0,12000.0,27.906976744186046
17147,ILLINOIS,PIATT,141000.0,150000.0,9000.0,6.382978723404255
17149,ILLINOIS,PIKE,149000.0,190000.0,41000.0,27.516778523489933
17151,ILLINOIS,POPE,5000.0,10000.0,5000.0,100.0
17153,ILLINOIS,PULASKI,16000.0,24500.0,8500.0,53.125
17157,ILLINOIS,RANDOLPH,56000.0,72300.0,16300.0,29.107142857142858
17159,ILLINOIS,RICHLAND,74000.0,83500.0,9500.0,12.837837837837837
17163,ILLINOIS,ST CLAIR,83000.0,99000.0,16000.0,19.27710843373494
17165,ILLINOIS,SALINE,40000.0,51000.0,11000.0,27.500000000000004
17167,ILLINOIS,SANGAMON,240000.0,251000.0,11000.0,4.583333333333333
17169,ILLINOIS,SCHUYLER,63000.0,73000.0,10000.0,15.873015873015872
17171,ILLINOIS,SCOTT,54000.0,62500.0,8500.0,15.74074074074074
17173,ILLINOIS,SHELBY,177000.0,194000.0,17000.0,9.6045197740113
17175,ILLINOIS,STARK,94000.0,94000.0,0.0,0.0
17177,ILLINOIS,STEPHENSON,153000.0,183000.0,30000.0,19.607843137254903
17179,ILLINOIS,TAZEWELL,151000.0,161000.0,10000.0,6.622516556291391
17181,ILLINOIS,UNION,13000.0,17300.0,4300.0,33.07692307692307
17183,ILLINOIS,VERMILION,227000.0,239500.0,12500.0,5.506607929515418
17185,ILLINOIS,WABASH,52000.0,54000.0,2000.0,3.8461538461538463
17187,ILLINOIS,WARREN,144000.0,176000.0,32000.0,22.22222222222222
17189,ILLINOIS,WASHINGTON,87000.0,112000.0,25000.0,28.735632183908045
17191,ILLINOIS,WAYNE,87000.0,139000.0,52000.0,59.77011494252874
17193,ILLINOIS,WHITE,78000.0,110500.0,32500.0,41.66666666666667
17195,ILLINOIS,WHITESIDE,211000.0,252500.0,41500.0,19.66824644549763
17197,ILLINOIS,WILL,93000.0,109000.0,16000.0,17.20430107526882
17199,ILLINOIS,WILLIAMSON,13000.0,21900.0,8900.0,68.46153846153847
17201,ILLINOIS,WINNEBAGO,89000.0,103000.0,14000.0,15.730337078651685
17203,ILLINOIS,WOODFORD,147000.0,146500.0,-500.0,-0.3401360544217687
18001,INDIANA,ADAMS,61500.0,70000.0,8500.0,13.821138211382115
18003,INDIANA,ALLEN,76300.0,86000.0,9700.0,12.7129750982962
18005,INDIANA,BARTHOLOMEW,63700.0,67900.0,4200.0,6.593406593406594
18007,INDIANA,BENTON,128000.0,137000.0,9000.0,7.03125
18009,INDIANA,BLACKFORD,22700.0,34100.0,11400.0,50.22026431718062
18011,INDIANA,BOONE,109700.0,102000.0,-7700.0,-7.019143117593436
18015,INDIANA,CARROLL,99600.0,103000.0,3400.0,3.413654618473896
18017,INDIANA,CASS,98100.0,106000.0,7900.0,8.053007135575942
18019,INDIANA,CLARK,17300.0,18700.0,1400.0,8.092485549132949
18021,INDIANA,CLAY,59700.0,63000.0,3300.0,5.527638190954774
18023,INDIANA,CLINTON,107700.0,120500.0,12800.0,11.884865366759517
18027,INDIANA,DAVIESS,85500.0,102000.0,16500.0,19.298245614035086
18029,INDIANA,DEARBORN,7900.0,9300.0,1400.0,17.72151898734177
18031,INDIANA,DECATUR,73700.0,85300.0,11600.0,15.739484396200815
18033,INDIANA,DE KALB,45300.0,51000.0,5700.0,12.582781456953644
18035,INDIANA,DELAWARE,62900.0,78300.0,15400.0,24.483306836248012
18037,INDIANA,DUBOIS,57700.0,62000.0,4300.0,7.452339688041594
18039,INDIANA,ELKHART,55100.0,64500.0,9400.0,17.05989110707804
18041,INDIANA,FAYETTE,34700.0,38100.0,3400.0,9.798270893371757
18045,INDIANA,FOUNTAIN,108300.0,97600.0,-10700.0,-9.879963065558634
18047,INDIANA,FRANKLIN,36000.0,39600.0,3600.0,10.0
18049,INDIANA,FULTON,86900.0,105000.0,18100.0,20.828538550057537
18051,INDIANA,GIBSON,98000.0,112000.0,14000.0,14.285714285714285
18057,INDIANA,HAMILTON,52100.0,61000.0,8900.0,17.08253358925144
18059,INDIANA,HANCOCK,67900.0,69000.0,1100.0,1.6200294550810017
18061,INDIANA,HARRISON,24400.0,27500.0,3100.0,12.704918032786885
18063,INDIANA,HENDRICKS,51100.0,77100.0,26000.0,50.88062622309197
18065,INDIANA,HENRY,71400.0,83500.0,12100.0,16.946778711484594
18067,INDIANA,HOWARD,67800.0,65300.0,-2500.0,-3.687315634218289
18069,INDIANA,HUNTINGTON,66200.0,76500.0,10300.0,15.55891238670695
18071,INDIANA,JACKSON,54000.0,66100.0,12100.0,22.407407407407405
18073,INDIANA,JASPER,146100.0,177500.0,31400.0,21.492128678986997
18075,INDIANA,JAY,69000.0,81500.0,12500.0,18.115942028985508
18079,INDIANA,JENNINGS,34200.0,41000.0,6800.0,19.883040935672515
18081,INDIANA,JOHNSON,47600.0,55500.0,7900.0,16.596638655462183
18083,INDIANA,KNOX,117500.0,132500.0,15000.0,12.76595744680851
18085,INDIANA,KOSCIUSKO,97200.0,114500.0,17300.0,17.79835390946502
18087,INDIANA,LAGRANGE,50000.0,53200.0,3200.0,6.4
18089,INDIANA,LAKE,58500.0,63500.0,5000.0,8.547008547008547
18091,INDIANA,LA PORTE,110700.0,125500.0,14800.0,13.369467028003612
18093,INDIANA,LAWRENCE,15800.0,21100.0,5300.0,33.54430379746836
18095,INDIANA,MADISON,80500.0,96500.0,16000.0,19.875776397515526
18099,INDIANA,MARSHALL,88200.0,97000.0,8800.0,9.977324263038549
18101,INDIANA,MARTIN,13500.0,18800.0,5300.0,39.25925925925926
18103,INDIANA,MIAMI,67500.0,74500.0,7000.0,10.37037037037037
18105,INDIANA,MONROE,5300.0,7300.0,2000.0,37.735849056603776
18107,INDIANA,MONTGOMERY,117000.0,128000.0,11000.0,9.401709401709402
18109,INDIANA,MORGAN,44900.0,50000.0,5100.0,11.358574610244988
18111,INDIANA,NEWTON,112500.0,126000.0,13500.0,12.0
18113,INDIANA,NOBLE,61400.0,68000.0,6600.0,10.749185667752444
18117,INDIANA,ORANGE,19900.0,25000.0,5100.0,25.628140703517587
18119,INDIANA,OWEN,16100.0,25000.0,8900.0,55.27950310559007
18121,INDIANA,PARKE,62000.0,67500.0,5500.0,8.870967741935484
18125,INDIANA,PIKE,30600.0,37000.0,6400.0,20.915032679738562
18127,INDIANA,PORTER,62500.0,70500.0,8000.0,12.8
18129,INDIANA,POSEY,88500.0,99000.0,10500.0,11.864406779661017
18131,INDIANA,PULASKI,104000.0,121000.0,17000.0,16.346153846153847
18133,INDIANA,PUTNAM,63800.0,72200.0,8400.0,13.166144200626958
18135,INDIANA,RANDOLPH,88300.0,106000.0,17700.0,20.045300113250285
18137,INDIANA,RIPLEY,43100.0,48400.0,5300.0,12.296983758700696
18139,INDIANA,RUSH,102000.0,110000.0,8000.0,7.8431372549019605
18141,INDIANA,ST. JOSEPH,68900.0,80000.0,11100.0,16.110304789550074
18143,INDIANA,SCOTT,11700.0,13800.0,2100.0,17.94871794871795
18145,INDIANA,SHELBY,97000.0,104500.0,7500.0,7.731958762886598
18147,INDIANA,SPENCER,50500.0,67500.0,17000.0,33.663366336633665
18149,INDIANA,STARKE,58100.0,65000.0,6900.0,11.876075731497417
18151,INDIANA,STEUBEN,36000.0,44000.0,8000.0,22.22222222222222
18157,INDIANA,TIPPECANOE,98900.0,109500.0,10600.0,10.717896865520729
18159,INDIANA,TIPTON,73400.0,71500.0,-1900.0,-2.588555858310627
18161,INDIANA,UNION,32800.0,34000.0,1200.0,3.6585365853658534
18163,INDIANA,VANDERBURGH,35400.0,33500.0,-1900.0,-5.367231638418079
18165,INDIANA,VERMILLION,26800.0,50000.0,23200.0,86.56716417910447
18167,INDIANA,VIGO,51700.0,57000.0,5300.0,10.251450676982591
18169,INDIANA,WABASH,68500.0,86500.0,18000.0,26.277372262773724
18171,INDIANA,WARREN,90700.0,95200.0,4500.0,4.961411245865491
18173,INDIANA,WARRICK,38200.0,41500.0,3300.0,8.638743455497382
18175,INDIANA,WASHINGTON,38600.0,51000.0,12400.0,32.12435233160622
18177,INDIANA,WAYNE,61200.0,67500.0,6300.0,10.294117647058822
18179,INDIANA,WELLS,74300.0,85300.0,11000.0,14.804845222072679
18181,INDIANA,WHITE,139600.0,159000.0,19400.0,13.896848137535816
18183,INDIANA,WHITLEY,54000.0,61000.0,7000.0,12.962962962962962
19001,IOWA,ADAIR,104000.0,110000.0,6000.0,5.769230769230769
19003,IOWA,ADAMS,65500.0,73500.0,8000.0,12.213740458015266
19005,IOWA,ALLAMAKEE,69000.0,96500.0,27500.0,39.85507246376812
19007,IOWA,APPANOOSE,27000.0,36500.0,9500.0,35.18518518518518
19009,IOWA,AUDUBON,108000.0,120500.0,12500.0,11.574074074074074
19011,IOWA,BENTON,183000.0,203500.0,20500.0,11.202185792349727
19013,IOWA,BLACK HAWK,140500.0,155500.0,15000.0,10.676156583629894
19015,IOWA,BOONE,150000.0,178500.0,28500.0,19.0
19017,IOWA,BREMER,117000.0,132500.0,15500.0,13.247863247863249
19019,IOWA,BUCHANAN,168000.0,205500.0,37500.0,22.321428571428573
19021,IOWA,BUENA VISTA,171000.0,176000.0,5000.0,2.923976608187134
19023,IOWA,BUTLER,156000.0,181000.0,25000.0,16.025641025641026
19025,IOWA,CALHOUN,168500.0,196500.0,28000.0,16.61721068249258
19027,IOWA,CARROLL,165000.0,200500.0,35500.0,21.515151515151516
19029,IOWA,CASS,127500.0,139000.0,11500.0,9.019607843137255
19031,IOWA,CEDAR,145500.0,163500.0,18000.0,12.371134020618557
19033,IOWA,CERRO GORDO,177000.0,182500.0,5500.0,3.1073446327683616
19035,IOWA,CHEROKEE,146500.0,157500.0,11000.0,7.508532423208192
19037,IOWA,CHICKASAW,131500.0,160000.0,28500.0,21.673003802281368
19039,IOWA,CLARKE,33500.0,40700.0,7200.0,21.492537313432834
19041,IOWA,CLAY,157000.0,165000.0,8000.0,5.095541401273886
19043,IOWA,CLAYTON,131000.0,163500.0,32500.0,24.80916030534351
19045,IOWA,CLINTON,177500.0,198500.0,21000.0,11.830985915492958
19047,IOWA,CRAWFORD,188500.0,220000.0,31500.0,16.710875331564985
19049,IOWA,DALLAS,128000.0,151000.0,23000.0,17.96875
19051,IOWA,DAVIS,36500.0,49700.0,13200.0,36.16438356164384
19053,IOWA,DECATUR,29000.0,34800.0,5800.0,20.0
19055,IOWA,DELAWARE,178000.0,205000.0,27000.0,15.168539325842698
19057,IOWA,DES MOINES,72500.0,76000.0,3500.0,4.827586206896552
19059,IOWA,DICKINSON,91000.0,97500.0,6500.0,7.142857142857142
19061,IOWA,DUBUQUE,128000.0,150500.0,22500.0,17.578125
19063,IOWA,EMMET,123000.0,119000.0,-4000.0,-3.2520325203252036
19065,IOWA,FAYETTE,183000.0,207000.0,24000.0,13.114754098360656
19067,IOWA,FLOYD,137000.0,152000.0,15000.0,10.948905109489052
19069,IOWA,FRANKLIN,186500.0,216500.0,30000.0,16.0857908847185
19071,IOWA,FREMONT,112000.0,117500.0,5500.0,4.910714285714286
19073,IOWA,GREENE,160500.0,188500.0,28000.0,17.445482866043612
19075,IOWA,GRUNDY,153500.0,164000.0,10500.0,6.840390879478828
19077,IOWA,GUTHRIE,108500.0,121500.0,13000.0,11.981566820276496
19079,IOWA,HAMILTON,183500.0,218000.0,34500.0,18.80108991825613
19081,IOWA,HANCOCK,176500.0,206000.0,29500.0,16.71388101983003
19083,IOWA,HARDIN,184000.0,196000.0,12000.0,6.521739130434782
19085,IOWA,HARRISON,164500.0,198500.0,34000.0,20.66869300911854
19087,IOWA,HENRY,80000.0,82500.0,2500.0,3.125
19089,IOWA,HOWARD,116500.0,138500.0,22000.0,18.88412017167382
19091,IOWA,HUMBOLDT,131000.0,145000.0,14000.0,10.687022900763358
19093,IOWA,IDA,117000.0,134500.0,17500.0,14.957264957264957
19095,IOWA,IOWA,112000.0,126500.0,14500.0,12.946428571428573
19097,IOWA,JACKSON,91000.0,117500.0,26500.0,29.120879120879124
19099,IOWA,JASPER,161500.0,181000.0,19500.0,12.074303405572756
19101,IOWA,JEFFERSON,64500.0,74400.0,9900.0,15.348837209302326
19103,IOWA,JOHNSON,103500.0,117500.0,14000.0,13.526570048309178
19105,IOWA,JONES,139500.0,163000.0,23500.0,16.845878136200717
19107,IOWA,KEOKUK,103500.0,123000.0,19500.0,18.84057971014493
19109,IOWA,KOSSUTH,306000.0,327000.0,21000.0,6.862745098039216
19111,IOWA,LEE,73500.0,77500.0,4000.0,5.442176870748299
19113,IOWA,LINN,138500.0,161500.0,23000.0,16.60649819494585
19115,IOWA,LOUISA,76500.0,80400.0,3900.0,5.098039215686274
19117,IOWA,LUCAS,24500.0,31700.0,7200.0,29.38775510204082
19119,IOWA,LYON,165500.0,185000.0,19500.0,11.782477341389729
19121,IOWA,MADISON,63000.0,72900.0,9900.0,15.714285714285714
19123,IOWA,MAHASKA,122500.0,135500.0,13000.0,10.612244897959183
19125,IOWA,MARION,77500.0,85800.0,8300.0,10.70967741935484
19127,IOWA,MARSHALL,142500.0,157000.0,14500.0,10.175438596491228
19129,IOWA,MILLS,98500.0,102500.0,4000.0,4.060913705583756
19131,IOWA,MITCHELL,139000.0,158500.0,19500.0,14.028776978417264
19133,IOWA,MONONA,164500.0,190000.0,25500.0,15.501519756838904
19135,IOWA,MONROE,27500.0,33500.0,6000.0,21.818181818181817
19137,IOWA,MONTGOMERY,92000.0,97000.0,5000.0,5.434782608695652
19139,IOWA,MUSCATINE,88000.0,96000.0,8000.0,9.090909090909092
19141,IOWA,O BRIEN,164500.0,172500.0,8000.0,4.86322188449848
19143,IOWA,OSCEOLA,118000.0,125000.0,7000.0,5.932203389830509
19145,IOWA,PAGE,105000.0,113000.0,8000.0,7.6190476190476195
19147,IOWA,PALO ALTO,167500.0,185500.0,18000.0,10.746268656716417
19149,IOWA,PLYMOUTH,223500.0,237500.0,14000.0,6.263982102908278
19151,IOWA,POCAHONTAS,175500.0,190000.0,14500.0,8.262108262108262
19153,IOWA,POLK,89500.0,92500.0,3000.0,3.35195530726257
19155,IOWA,POTTAWATTAMIE,221000.0,254500.0,33500.0,15.158371040723981
19157,IOWA,POWESHIEK,128000.0,154500.0,26500.0,20.703125
19159,IOWA,RINGGOLD,45000.0,57500.0,12500.0,27.77777777777778
19161,IOWA,SAC,162000.0,181500.0,19500.0,12.037037037037036
19163,IOWA,SCOTT,104500.0,115500.0,11000.0,10.526315789473683
19165,IOWA,SHELBY,157500.0,190500.0,33000.0,20.952380952380953
19167,IOWA,SIOUX,252000.0,259500.0,7500.0,2.976190476190476
19169,IOWA,STORY,159500.0,174500.0,15000.0,9.404388714733543
19171,IOWA,TAMA,161000.0,172500.0,11500.0,7.142857142857142
19173,IOWA,TAYLOR,70500.0,86000.0,15500.0,21.98581560283688
19175,IOWA,UNION,54000.0,59100.0,5100.0,9.444444444444445
19177,IOWA,VAN BUREN,46500.0,51000.0,4500.0,9.67741935483871
19179,IOWA,WAPELLO,54500.0,62500.0,8000.0,14.678899082568808
19181,IOWA,WARREN,68000.0,71000.0,3000.0,4.411764705882353
19183,IOWA,WASHINGTON,111500.0,128500.0,17000.0,15.246636771300448
19185,IOWA,WAYNE,48000.0,58500.0,10500.0,21.875
19187,IOWA,WEBSTER,198000.0,228500.0,30500.0,15.404040404040403
19189,IOWA,WINNEBAGO,126000.0,133000.0,7000.0,5.555555555555555
19191,IOWA,WINNESHIEK,136500.0,172500.0,36000.0,26.373626373626376
19193,IOWA,WOODBURY,202500.0,233500.0,31000.0,15.308641975308642
19195,IOWA,WORTH,112000.0,128000.0,16000.0,14.285714285714285
19197,IOWA,WRIGHT,175000.0,190500.0,15500.0,8.857142857142856
20001,KANSAS,ALLEN,24000.0,37500.0,13500.0,56.25
20003,KANSAS,ANDERSON,38600.0,49000.0,10400.0,26.94300518134715
20005,KANSAS,ATCHISON,53100.0,66500.0,13400.0,25.235404896421848
20007,KANSAS,BARBER,3000.0,5000.0,2000.0,66.66666666666666
20009,KANSAS,BARTON,28200.0,24000.0,-4200.0,-14.893617021276595
20011,KANSAS,BOURBON,6900.0,15500.0,8600.0,124.63768115942028
20013,KANSAS,BROWN,104900.0,123000.0,18100.0,17.25452812202097
20015,KANSAS,BUTLER,46700.0,67000.0,20300.0,43.46895074946467
20019,KANSAS,CHAUTAUQUA,600.0,3000.0,2400.0,400.0
20021,KANSAS,CHEROKEE,45400.0,59000.0,13600.0,29.955947136563875
20023,KANSAS,CHEYENNE,37200.0,75000.0,37800.0,101.61290322580645
20029,KANSAS,CLOUD,18500.0,31000.0,12500.0,67.56756756756756
20031,KANSAS,COFFEY,23800.0,32500.0,8700.0,36.554621848739494
20035,KANSAS,COWLEY,9700.0,16500.0,6800.0,70.10309278350515
20037,KANSAS,CRAWFORD,39600.0,53000.0,13400.0,33.83838383838384
20039,KANSAS,DECATUR,71400.0,112000.0,40600.0,56.86274509803921
20043,KANSAS,DONIPHAN,74900.0,93000.0,18100.0,24.16555407209613
20045,KANSAS,DOUGLAS,25000.0,25500.0,500.0,2.0
20047,KANSAS,EDWARDS,57200.0,68500.0,11300.0,19.755244755244757
20049,KANSAS,ELK,4600.0,6500.0,1900.0,41.30434782608695
20055,KANSAS,FINNEY,75400.0,103000.0,27600.0,36.60477453580902
20057,KANSAS,FORD,44300.0,48500.0,4200.0,9.480812641083523
20059,KANSAS,FRANKLIN,25400.0,33500.0,8100.0,31.88976377952756
20061,KANSAS,GEARY,6700.0,12000.0,5300.0,79.1044776119403
20063,KANSAS,GOVE,45100.0,86000.0,40900.0,90.68736141906874
20065,KANSAS,GRAHAM,27500.0,37000.0,9500.0,34.54545454545455
20067,KANSAS,GRANT,38500.0,49000.0,10500.0,27.27272727272727
20069,KANSAS,GRAY,67300.0,82000.0,14700.0,21.842496285289748
20071,KANSAS,GREELEY,39500.0,47000.0,7500.0,18.9873417721519
20073,KANSAS,GREENWOOD,8100.0,10000.0,1900.0,23.456790123456788
20075,KANSAS,HAMILTON,8500.0,15500.0,7000.0,82.35294117647058
20079,KANSAS,HARVEY,36900.0,50000.0,13100.0,35.50135501355013
20081,KANSAS,HASKELL,83300.0,85000.0,1700.0,2.0408163265306123
20085,KANSAS,JACKSON,24700.0,36500.0,11800.0,47.77327935222672
20089,KANSAS,JEWELL,13100.0,38500.0,25400.0,193.89312977099235
20093,KANSAS,KEARNY,37600.0,41500.0,3900.0,10.372340425531915
20095,KANSAS,KINGMAN,6700.0,12000.0,5300.0,79.1044776119403
20097,KANSAS,KIOWA,23900.0,30000.0,6100.0,25.523012552301257
20099,KANSAS,LABETTE,31100.0,47500.0,16400.0,52.73311897106109
20101,KANSAS,LANE,9200.0,11500.0,2300.0,25.0
20105,KANSAS,LINCOLN,1400.0,8500.0,7100.0,507.1428571428571
20109,KANSAS,LOGAN,48000.0,66000.0,18000.0,37.5
20113,KANSAS,MCPHERSON,22900.0,38500.0,15600.0,68.12227074235808
20115,KANSAS,MARION,21500.0,43500.0,22000.0,102.32558139534885
20117,KANSAS,MARSHALL,61500.0,111000.0,49500.0,80.48780487804879
20119,KANSAS,MEADE,63300.0,83500.0,20200.0,31.911532385466035
20121,KANSAS,MIAMI,14600.0,24500.0,9900.0,67.8082191780822
20123,KANSAS,MITCHELL,12000.0,26500.0,14500.0,120.83333333333333
20125,KANSAS,MONTGOMERY,30600.0,33000.0,2400.0,7.8431372549019605
20127,KANSAS,MORRIS,12500.0,20000.0,7500.0,60.0
20129,KANSAS,MORTON,18400.0,24500.0,6100.0,33.15217391304348
20131,KANSAS,NEMAHA,78500.0,113000.0,34500.0,43.94904458598726
20133,KANSAS,NEOSHO,26000.0,37500.0,11500.0,44.230769230769226
20135,KANSAS,NESS,3200.0,8000.0,4800.0,150.0
20137,KANSAS,NORTON,63200.0,96000.0,32800.0,51.89873417721519
20139,KANSAS,OSAGE,25000.0,38500.0,13500.0,54.0
20143,KANSAS,OTTAWA,3700.0,10000.0,6300.0,170.27027027027026
20145,KANSAS,PAWNEE,30800.0,34500.0,3700.0,12.012987012987013
20147,KANSAS,PHILLIPS,30800.0,40000.0,9200.0,29.87012987012987
20149,KANSAS,POTTAWATOMIE,31100.0,37500.0,6400.0,20.578778135048232
20151,KANSAS,PRATT,57700.0,64000.0,6300.0,10.918544194107453
20153,KANSAS,RAWLINS,45800.0,101000.0,55200.0,120.5240174672489
20155,KANSAS,RENO,29300.0,36500.0,7200.0,24.573378839590443
20157,KANSAS,REPUBLIC,54100.0,90000.0,35900.0,66.35859519408503
20159,KANSAS,RICE,24800.0,31000.0,6200.0,25.0
20161,KANSAS,RILEY,10900.0,16000.0,5100.0,46.788990825688074
20163,KANSAS,ROOKS,5200.0,13000.0,7800.0,150.0
20165,KANSAS,RUSH,4000.0,6500.0,2500.0,62.5
20169,KANSAS,SALINE,3100.0,8500.0,5400.0,174.19354838709677
20171,KANSAS,SCOTT,46400.0,48500.0,2100.0,4.525862068965517
20173,KANSAS,SEDGWICK,30600.0,37000.0,6400.0,20.915032679738562
20177,KANSAS,SHAWNEE,31700.0,38500.0,6800.0,21.451104100946374
20179,KANSAS,SHERIDAN,127600.0,140000.0,12400.0,9.717868338557993
20181,KANSAS,SHERMAN,88300.0,167000.0,78700.0,89.12797281993205
20183,KANSAS,SMITH,20100.0,49500.0,29400.0,146.26865671641792
20185,KANSAS,STAFFORD,56100.0,56000.0,-100.0,-0.17825311942959002
20187,KANSAS,STANTON,59100.0,65500.0,6400.0,10.829103214890017
20189,KANSAS,STEVENS,111700.0,116000.0,4300.0,3.849597135183527
20191,KANSAS,SUMNER,11800.0,41000.0,29200.0,247.45762711864407
20193,KANSAS,THOMAS,139000.0,215000.0,76000.0,54.67625899280576
20195,KANSAS,TREGO,11600.0,12000.0,400.0,3.4482758620689653
20197,KANSAS,WABAUNSEE,16500.0,25500.0,9000.0,54.54545454545454
20199,KANSAS,WALLACE,44000.0,79000.0,35000.0,79.54545454545455
20201,KANSAS,WASHINGTON,44300.0,71000.0,26700.0,60.270880361173816
20203,KANSAS,WICHITA,47000.0,52000.0,5000.0,10.638297872340425
20205,KANSAS,WILSON,28800.0,45500.0,16700.0,57.986111111111114
20207,KANSAS,WOODSON,15900.0,23500.0,7600.0,47.79874213836478
21001,KENTUCKY,ADAIR,8700.0,12700.0,4000.0,45.97701149425287
21007,KENTUCKY,BALLARD,24900.0,32000.0,7100.0,28.514056224899598
21009,KENTUCKY,BARREN,16700.0,30200.0,13500.0,80.83832335329342
21011,KENTUCKY,BATH,1700.0,3800.0,2100.0,123.52941176470588
21015,KENTUCKY,BOONE,1600.0,2800.0,1200.0,75.0
21017,KENTUCKY,BOURBON,2400.0,8100.0,5700.0,237.5
21027,KENTUCKY,BRECKINRIDGE,12000.0,27900.0,15900.0,132.5
21029,KENTUCKY,BULLITT,2100.0,3400.0,1300.0,61.904761904761905
21031,KENTUCKY,BUTLER,14200.0,19500.0,5300.0,37.32394366197183
21033,KENTUCKY,CALDWELL,19700.0,32300.0,12600.0,63.95939086294417
21035,KENTUCKY,CALLOWAY,32500.0,39100.0,6600.0,20.307692307692307
21039,KENTUCKY,CARLISLE,22000.0,30300.0,8300.0,37.72727272727273
21045,KENTUCKY,CASEY,4900.0,8300.0,3400.0,69.38775510204081
21047,KENTUCKY,CHRISTIAN,74100.0,88200.0,14100.0,19.02834008097166
21049,KENTUCKY,CLARK,1400.0,4600.0,3200.0,228.57142857142856
21053,KENTUCKY,CLINTON,1600.0,1700.0,100.0,6.25
21055,KENTUCKY,CRITTENDEN,9000.0,21900.0,12900.0,143.33333333333334
21059,KENTUCKY,DAVIESS,60100.0,74200.0,14100.0,23.46089850249584
21061,KENTUCKY,EDMONSON,1700.0,3900.0,2200.0,129.41176470588235
21065,KENTUCKY,ESTILL,700.0,1100.0,400.0,57.14285714285714
21067,KENTUCKY,FAYETTE,2100.0,4700.0,2600.0,123.80952380952381
21069,KENTUCKY,FLEMING,4100.0,4600.0,500.0,12.195121951219512
21075,KENTUCKY,FULTON,19100.0,30900.0,11800.0,61.78010471204188
21079,KENTUCKY,GARRARD,1300.0,2600.0,1300.0,100.0
21083,KENTUCKY,GRAVES,54300.0,81400.0,27100.0,49.90791896869245
21085,KENTUCKY,GRAYSON,7800.0,16000.0,8200.0,105.12820512820514
21087,KENTUCKY,GREEN,5000.0,11100.0,6100.0,122.0
21089,KENTUCKY,GREENUP,1000.0,1200.0,200.0,20.0
21091,KENTUCKY,HANCOCK,5900.0,9400.0,3500.0,59.32203389830508
21093,KENTUCKY,HARDIN,23700.0,36200.0,12500.0,52.742616033755276
21097,KENTUCKY,HARRISON,2400.0,5200.0,2800.0,116.66666666666667
21099,KENTUCKY,HART,4500.0,8000.0,3500.0,77.77777777777779
21101,KENTUCKY,HENDERSON,66500.0,92600.0,26100.0,39.24812030075188
21103,KENTUCKY,HENRY,3400.0,6800.0,3400.0,100.0
21105,KENTUCKY,HICKMAN,38300.0,48900.0,10600.0,27.676240208877285
21107,KENTUCKY,HOPKINS,23800.0,35000.0,11200.0,47.05882352941176
21111,KENTUCKY,JEFFERSON,600.0,1200.0,600.0,100.0
21121,KENTUCKY,KNOX,900.0,800.0,-100.0,-11.11111111111111
21123,KENTUCKY,LARUE,14600.0,23700.0,9100.0,62.328767123287676
21135,KENTUCKY,LEWIS,1500.0,1900.0,400.0,26.666666666666668
21137,KENTUCKY,LINCOLN,8500.0,10800.0,2300.0,27.058823529411764
21139,KENTUCKY,LIVINGSTON,8100.0,18000.0,9900.0,122.22222222222223
21141,KENTUCKY,LOGAN,57400.0,68900.0,11500.0,20.034843205574912
21143,KENTUCKY,LYON,5700.0,9100.0,3400.0,59.64912280701754
21145,KENTUCKY,MCCRACKEN,12200.0,17100.0,4900.0,40.16393442622951
21149,KENTUCKY,MCLEAN,36000.0,50700.0,14700.0,40.833333333333336
21151,KENTUCKY,MADISON,1800.0,2400.0,600.0,33.33333333333333
21155,KENTUCKY,MARION,10600.0,17900.0,7300.0,68.86792452830188
21157,KENTUCKY,MARSHALL,7000.0,13500.0,6500.0,92.85714285714286
21161,KENTUCKY,MASON,5900.0,10800.0,4900.0,83.05084745762711
21163,KENTUCKY,MEADE,9700.0,20200.0,10500.0,108.24742268041237
21167,KENTUCKY,MERCER,2300.0,8600.0,6300.0,273.9130434782609
21171,KENTUCKY,MONROE,5300.0,10300.0,5000.0,94.33962264150944
21173,KENTUCKY,MONTGOMERY,1500.0,2800.0,1300.0,86.66666666666667
21177,KENTUCKY,MUHLENBERG,12600.0,18100.0,5500.0,43.65079365079365
21179,KENTUCKY,NELSON,12600.0,20200.0,7600.0,60.317460317460316
21181,KENTUCKY,NICHOLAS,1000.0,2500.0,1500.0,150.0
21183,KENTUCKY,OHIO,23300.0,37200.0,13900.0,59.65665236051502
21185,KENTUCKY,OLDHAM,3300.0,3500.0,200.0,6.0606060606060606
21187,KENTUCKY,OWEN,900.0,1400.0,500.0,55.55555555555556
21191,KENTUCKY,PENDLETON,900.0,2300.0,1400.0,155.55555555555557
21199,KENTUCKY,PULASKI,8300.0,13500.0,5200.0,62.65060240963856
21203,KENTUCKY,ROCKCASTLE,1300.0,2300.0,1000.0,76.92307692307693
21205,KENTUCKY,ROWAN,800.0,1200.0,400.0,50.0
21207,KENTUCKY,RUSSELL,4200.0,4900.0,700.0,16.666666666666664
21209,KENTUCKY,SCOTT,1300.0,3200.0,1900.0,146.15384615384613
21211,KENTUCKY,SHELBY,11900.0,23100.0,11200.0,94.11764705882352
21213,KENTUCKY,SIMPSON,34200.0,44600.0,10400.0,30.409356725146196
21215,KENTUCKY,SPENCER,2600.0,4800.0,2200.0,84.61538461538461
21217,KENTUCKY,TAYLOR,7900.0,16000.0,8100.0,102.53164556962024
21219,KENTUCKY,TODD,46500.0,53300.0,6800.0,14.623655913978496
21221,KENTUCKY,TRIGG,16900.0,30700.0,13800.0,81.65680473372781
21223,KENTUCKY,TRIMBLE,1100.0,1400.0,300.0,27.27272727272727
21225,KENTUCKY,UNION,71300.0,94000.0,22700.0,31.837307152875177
21227,KENTUCKY,WARREN,27900.0,35100.0,7200.0,25.806451612903224
21229,KENTUCKY,WASHINGTON,3400.0,8800.0,5400.0,158.8235294117647
21231,KENTUCKY,WAYNE,4600.0,7000.0,2400.0,52.17391304347826
21233,KENTUCKY,WEBSTER,32000.0,46600.0,14600.0,45.625
21235,KENTUCKY,WHITLEY,800.0,600.0,-200.0,-25.0
21239,KENTUCKY,WOODFORD,1300.0,2800.0,1500.0,115.38461538461537
22009,LOUISIANA,AVOYELLES,3400.0,8800.0,5400.0,158.8235294117647
22015,LOUISIANA,BOSSIER,1100.0,3100.0,2000.0,181.8181818181818
22025,LOUISIANA,CATAHOULA,16000.0,25000.0,9000.0,56.25
22029,LOUISIANA,CONCORDIA,12900.0,25500.0,12600.0,97.67441860465115
22035,LOUISIANA,EAST CARROLL,32500.0,55000.0,22500.0,69.23076923076923
22041,LOUISIANA,FRANKLIN,27500.0,73000.0,45500.0,165.45454545454547
22065,LOUISIANA,MADISON,47000.0,67000.0,20000.0,42.5531914893617
22067,LOUISIANA,MOREHOUSE,34000.0,86000.0,52000.0,152.94117647058823
22069,LOUISIANA,NATCHITOCHES,4300.0,14900.0,10600.0,246.51162790697674
22077,LOUISIANA,POINTE COUPEE,9400.0,8700.0,-700.0,-7.446808510638298
22079,LOUISIANA,RAPIDES,4600.0,9600.0,5000.0,108.69565217391303
22083,LOUISIANA,RICHLAND,23500.0,47000.0,23500.0,100.0
22097,LOUISIANA,SAINT LANDRY,6100.0,5800.0,-300.0,-4.918032786885246
22107,LOUISIANA,TENSAS,37000.0,45000.0,8000.0,21.62162162162162
22123,LOUISIANA,WEST CARROLL,11500.0,21000.0,9500.0,82.6086956521739
24001,MARYLAND,ALLEGANY,800.0,800.0,0.0,0.0
24003,MARYLAND,ANNE ARUNDEL,5400.0,4300.0,-1100.0,-20.37037037037037
24005,MARYLAND,BALTIMORE,22500.0,21100.0,-1400.0,-6.222222222222222
24009,MARYLAND,CALVERT,4000.0,4300.0,300.0,7.5
24011,MARYLAND,CAROLINE,33700.0,36400.0,2700.0,8.011869436201781
24013,MARYLAND,CARROLL,37700.0,37100.0,-600.0,-1.5915119363395225
24015,MARYLAND,CECIL,22400.0,25600.0,3200.0,14.285714285714285
24017,MARYLAND,CHARLES,5000.0,6500.0,1500.0,30.0
24019,MARYLAND,DORCHESTER,24500.0,25300.0,800.0,3.2653061224489797
24021,MARYLAND,FREDERICK,43500.0,43700.0,200.0,0.45977011494252873
24023,MARYLAND,GARRETT,6000.0,6200.0,200.0,3.3333333333333335
24025,MARYLAND,HARFORD,23300.0,21800.0,-1500.0,-6.437768240343347
24027,MARYLAND,HOWARD,7000.0,5700.0,-1300.0,-18.571428571428573
24029,MARYLAND,KENT,48000.0,46000.0,-2000.0,-4.166666666666666
24031,MARYLAND,MONTGOMERY,12400.0,11800.0,-600.0,-4.838709677419355
24033,MARYLAND,PRINCE GEORGES,5400.0,4800.0,-600.0,-11.11111111111111
24035,MARYLAND,QUEEN ANNES,49500.0,52000.0,2500.0,5.05050505050505
24037,MARYLAND,ST MARYS,9900.0,10100.0,200.0,2.0202020202020203
24039,MARYLAND,SOMERSET,15000.0,19700.0,4700.0,31.333333333333336
24041,MARYLAND,TALBOT,32900.0,30000.0,-2900.0,-8.814589665653495
24043,MARYLAND,WASHINGTON,21000.0,18300.0,-2700.0,-12.857142857142856
24045,MARYLAND,WICOMICO,23700.0,27600.0,3900.0,16.455696202531644
24047,MARYLAND,WORCESTER,36400.0,35900.0,-500.0,-1.3736263736263736
26005,MICHIGAN,ALLEGAN,85000.0,84000.0,-1000.0,-1.1764705882352942
26007,MICHIGAN,ALPENA,5400.0,7800.0,2400.0,44.44444444444444
26009,MICHIGAN,ANTRIM,3200.0,4800.0,1600.0,50.0
26011,MICHIGAN,ARENAC,18000.0,19000.0,1000.0,5.555555555555555
26015,MICHIGAN,BARRY,40000.0,48000.0,8000.0,20.0
26017,MICHIGAN,BAY,47000.0,58000.0,11000.0,23.404255319148938
26021,MICHIGAN,BERRIEN,43000.0,53000.0,10000.0,23.25581395348837
26023,MICHIGAN,BRANCH,80000.0,91000.0,11000.0,13.750000000000002
26025,MICHIGAN,CALHOUN,75000.0,84000.0,9000.0,12.0
26027,MICHIGAN,CASS,68000.0,85000.0,17000.0,25.0
26029,MICHIGAN,CHARLEVOIX,2700.0,3100.0,400.0,14.814814814814813
26035,MICHIGAN,CLARE,3700.0,6600.0,2900.0,78.37837837837837
26037,MICHIGAN,CLINTON,72000.0,82000.0,10000.0,13.88888888888889
26045,MICHIGAN,EATON,58000.0,69000.0,11000.0,18.96551724137931
26047,MICHIGAN,EMMET,1400.0,1300.0,-100.0,-7.142857142857142
26049,MICHIGAN,GENESEE,26000.0,34000.0,8000.0,30.76923076923077
26051,MICHIGAN,GLADWIN,7100.0,9700.0,2600.0,36.61971830985916
26055,MICHIGAN,GRAND TRAVERSE,6700.0,8700.0,2000.0,29.850746268656714
26057,MICHIGAN,GRATIOT,84000.0,101000.0,17000.0,20.238095238095237
26059,MICHIGAN,HILLSDALE,66000.0,72000.0,6000.0,9.090909090909092
26063,MICHIGAN,HURON,109000.0,129000.0,20000.0,18.34862385321101
26065,MICHIGAN,INGHAM,49000.0,61000.0,12000.0,24.489795918367346
26067,MICHIGAN,IONIA,77000.0,91000.0,14000.0,18.181818181818183
26069,MICHIGAN,IOSCO,6900.0,7000.0,100.0,1.4492753623188406
26073,MICHIGAN,ISABELLA,35000.0,47000.0,12000.0,34.285714285714285
26075,MICHIGAN,JACKSON,51000.0,59000.0,8000.0,15.686274509803921
26077,MICHIGAN,KALAMAZOO,48000.0,62000.0,14000.0,29.166666666666668
26081,MICHIGAN,KENT,42000.0,46000.0,4000.0,9.523809523809524
26087,MICHIGAN,LAPEER,32000.0,42000.0,10000.0,31.25
26091,MICHIGAN,LENAWEE,97500.0,113000.0,15500.0,15.897435897435896
26093,MICHIGAN,LIVINGSTON,19000.0,24000.0,5000.0,26.31578947368421
26099,MICHIGAN,MACOMB,11000.0,15000.0,4000.0,36.36363636363637
26101,MICHIGAN,MANISTEE,800.0,3600.0,2800.0,350.0
26105,MICHIGAN,MASON,12000.0,17300.0,5300.0,44.166666666666664
26107,MICHIGAN,MECOSTA,20500.0,27100.0,6600.0,32.19512195121951
26111,MICHIGAN,MIDLAND,21000.0,27500.0,6500.0,30.952380952380953
26113,MICHIGAN,MISSAUKEE,16400.0,22200.0,5800.0,35.36585365853659
26115,MICHIGAN,MONROE,60000.0,71000.0,11000.0,18.333333333333332
26117,MICHIGAN,MONTCALM,56500.0,72000.0,15500.0,27.43362831858407
26119,MICHIGAN,MONTMORENCY,1900.0,2000.0,100.0,5.263157894736842
26123,MICHIGAN,NEWAYGO,28000.0,32000.0,4000.0,14.285714285714285
26127,MICHIGAN,OCEANA,12000.0,20000.0,8000.0,66.66666666666666
26129,MICHIGAN,OGEMAW,9100.0,14100.0,5000.0,54.94505494505495
26133,MICHIGAN,OSCEOLA,7200.0,14100.0,6900.0,95.83333333333334
26137,MICHIGAN,OTSEGO,1100.0,2500.0,1400.0,127.27272727272727
26139,MICHIGAN,OTTAWA,42000.0,55000.0,13000.0,30.952380952380953
26141,MICHIGAN,PRESQUE ISLE,5700.0,6800.0,1100.0,19.298245614035086
26145,MICHIGAN,SAGINAW,89000.0,105000.0,16000.0,17.97752808988764
26147,MICHIGAN,ST CLAIR,24000.0,37000.0,13000.0,54.166666666666664
26149,MICHIGAN,ST JOSEPH,81000.0,102000.0,21000.0,25.925925925925924
26151,MICHIGAN,SANILAC,85000.0,117000.0,32000.0,37.64705882352941
26155,MICHIGAN,SHIAWASSEE,51000.0,66000.0,15000.0,29.411764705882355
26157,MICHIGAN,TUSCOLA,82000.0,92000.0,10000.0,12.195121951219512
26159,MICHIGAN,VAN BUREN,32000.0,55000.0,23000.0,71.875
26161,MICHIGAN,WASHTENAW,38000.0,48000.0,10000.0,26.31578947368421
26165,MICHIGAN,WEXFORD,4000.0,6200.0,2200.0,55.00000000000001
27003,MINNESOTA,ANOKA,5800.0,8800.0,3000.0,51.724137931034484
27005,MINNESOTA,BECKER,26000.0,63300.0,37300.0,143.46153846153845
27009,MINNESOTA,BENTON,58900.0,63500.0,4600.0,7.809847198641766
27011,MINNESOTA,BIG STONE,80000.0,104000.0,24000.0,30.0
27013,MINNESOTA,BLUE EARTH,181000.0,198000.0,17000.0,9.392265193370166
27015,MINNESOTA,BROWN,154500.0,168000.0,13500.0,8.737864077669903
27019,MINNESOTA,CARVER,58800.0,63800.0,5000.0,8.503401360544217
27023,MINNESOTA,CHIPPEWA,140600.0,157000.0,16400.0,11.66429587482219
27025,MINNESOTA,CHISAGO,23300.0,33400.0,10100.0,43.34763948497854
27027,MINNESOTA,CLAY,47300.0,144000.0,96700.0,204.4397463002114
27029,MINNESOTA,CLEARWATER,3700.0,5000.0,1300.0,35.13513513513514
27033,MINNESOTA,COTTONWOOD,179700.0,177000.0,-2700.0,-1.5025041736227045
27037,MINNESOTA,DAKOTA,89400.0,92200.0,2800.0,3.131991051454139
27039,MINNESOTA,DODGE,111900.0,134000.0,22100.0,19.749776586237715
27041,MINNESOTA,DOUGLAS,52600.0,72000.0,19400.0,36.88212927756654
27043,MINNESOTA,FARIBAULT,201700.0,220000.0,18300.0,9.072880515617253
27045,MINNESOTA,FILLMORE,158800.0,197000.0,38200.0,24.055415617128464
27047,MINNESOTA,FREEBORN,180000.0,213000.0,33000.0,18.333333333333332
27049,MINNESOTA,GOODHUE,145000.0,168000.0,23000.0,15.862068965517242
27051,MINNESOTA,GRANT,101000.0,131000.0,30000.0,29.7029702970297
27053,MINNESOTA,HENNEPIN,14100.0,15400.0,1300.0,9.219858156028367
27055,MINNESOTA,HOUSTON,54200.0,63000.0,8800.0,16.236162361623617
27059,MINNESOTA,ISANTI,27900.0,37000.0,9100.0,32.61648745519714
27063,MINNESOTA,JACKSON,181200.0,201000.0,19800.0,10.927152317880795
27065,MINNESOTA,KANABEC,12400.0,15600.0,3200.0,25.806451612903224
27067,MINNESOTA,KANDIYOHI,145400.0,175000.0,29600.0,20.357634112792297
27069,MINNESOTA,KITTSON,4300.0,13700.0,9400.0,218.60465116279067
27073,MINNESOTA,LAC QUI PARLE,162500.0,182000.0,19500.0,12.0
27079,MINNESOTA,LE SUEUR,94400.0,97000.0,2600.0,2.754237288135593
27081,MINNESOTA,LINCOLN,99600.0,127000.0,27400.0,27.510040160642568
27083,MINNESOTA,LYON,180400.0,199000.0,18600.0,10.310421286031042
27085,MINNESOTA,MCLEOD,111700.0,127000.0,15300.0,13.69740376007162
27089,MINNESOTA,MARSHALL,5300.0,32800.0,27500.0,518.867924528302
27091,MINNESOTA,MARTIN,219800.0,228000.0,8200.0,3.7306642402183803
27093,MINNESOTA,MEEKER,114700.0,133000.0,18300.0,15.954664341761116
27095,MINNESOTA,MILLE LACS,20900.0,28400.0,7500.0,35.88516746411483
27097,MINNESOTA,MORRISON,89900.0,108000.0,18100.0,20.133481646273637
27099,MINNESOTA,MOWER,183800.0,222000.0,38200.0,20.783460282916213
27101,MINNESOTA,MURRAY,183500.0,185000.0,1500.0,0.8174386920980926
27103,MINNESOTA,NICOLLET,122100.0,132000.0,9900.0,8.108108108108109
27105,MINNESOTA,NOBLES,201800.0,207000.0,5200.0,2.576808721506442
27107,MINNESOTA,NORMAN,41200.0,109000.0,67800.0,164.5631067961165
27109,MINNESOTA,OLMSTED,110900.0,131000.0,20100.0,18.12443642921551
27111,MINNESOTA,OTTER TAIL,135800.0,179000.0,43200.0,31.81148748159057
27115,MINNESOTA,PINE,17000.0,24100.0,7100.0,41.76470588235294
27117,MINNESOTA,PIPESTONE,106300.0,124000.0,17700.0,16.650987770460958
27119,MINNESOTA,POLK,26500.0,113000.0,86500.0,326.4150943396226
27121,MINNESOTA,POPE,94300.0,122000.0,27700.0,29.374337221633084
27125,MINNESOTA,RED LAKE,7000.0,23000.0,16000.0,228.57142857142856
27127,MINNESOTA,REDWOOD,236900.0,251000.0,14100.0,5.95187842971718
27129,MINNESOTA,RENVILLE,247400.0,270000.0,22600.0,9.135004042037187
27131,MINNESOTA,RICE,79100.0,96000.0,16900.0,21.3653603034134
27133,MINNESOTA,ROCK,138600.0,148000.0,9400.0,6.782106782106783
27135,MINNESOTA,ROSEAU,4500.0,16200.0,11700.0,260.0
27139,MINNESOTA,SCOTT,37200.0,41600.0,4400.0,11.827956989247312
27141,MINNESOTA,SHERBURNE,26600.0,33800.0,7200.0,27.06766917293233
27143,MINNESOTA,SIBLEY,145500.0,170000.0,24500.0,16.83848797250859
27145,MINNESOTA,STEARNS,201500.0,238000.0,36500.0,18.11414392059553
27147,MINNESOTA,STEELE,106000.0,126000.0,20000.0,18.867924528301888
27149,MINNESOTA,STEVENS,147500.0,150000.0,2500.0,1.694915254237288
27151,MINNESOTA,SWIFT,167300.0,202000.0,34700.0,20.74118350268978
27153,MINNESOTA,TODD,63800.0,87600.0,23800.0,37.30407523510972
27155,MINNESOTA,TRAVERSE,118000.0,141000.0,23000.0,19.491525423728813
27157,MINNESOTA,WABASHA,81800.0,102000.0,20200.0,24.69437652811736
27159,MINNESOTA,WADENA,20500.0,23700.0,3200.0,15.609756097560975
27161,MINNESOTA,WASECA,121000.0,127000.0,6000.0,4.958677685950414
27163,MINNESOTA,WASHINGTON,16400.0,21600.0,5200.0,31.70731707317073
27165,MINNESOTA,WATONWAN,122400.0,140000.0,17600.0,14.37908496732026
27167,MINNESOTA,WILKIN,56200.0,106000.0,49800.0,88.61209964412812
27169,MINNESOTA,WINONA,79200.0,90800.0,11600.0,14.646464646464647
27171,MINNESOTA,WRIGHT,74100.0,84000.0,9900.0,13.360323886639677
27173,MINNESOTA,YELLOW MEDICINE,185200.0,206000.0,20800.0,11.23110151187905
28003,MISSISSIPPI,ALCORN,5000.0,5800.0,800.0,16.0
28007,MISSISSIPPI,ATTALA,1800.0,1600.0,-200.0,-11.11111111111111
28009,MISSISSIPPI,BENTON,2000.0,5100.0,3100.0,155.0
28011,MISSISSIPPI,BOLIVAR,7400.0,72600.0,65200.0,881.081081081081
28013,MISSISSIPPI,CALHOUN,3200.0,7700.0,4500.0,140.625
28015,MISSISSIPPI,CARROLL,4200.0,7300.0,3100.0,73.80952380952381
28017,MISSISSIPPI,CHICKASAW,8100.0,5200.0,-2900.0,-35.80246913580247
28021,MISSISSIPPI,CLAIBORNE,2900.0,3000.0,100.0,3.4482758620689653
28025,MISSISSIPPI,CLAY,2700.0,3000.0,300.0,11.11111111111111
28027,MISSISSIPPI,COAHOMA,5100.0,39800.0,34700.0,680.3921568627451
28049,MISSISSIPPI,HINDS,10500.0,9500.0,-1000.0,-9.523809523809524
28051,MISSISSIPPI,HOLMES,4700.0,26900.0,22200.0,472.34042553191495
28053,MISSISSIPPI,HUMPHREYS,8900.0,33500.0,24600.0,276.4044943820225
28055,MISSISSIPPI,ISSAQUENA,13500.0,23000.0,9500.0,70.37037037037037
28081,MISSISSIPPI,LEE,5700.0,5800.0,100.0,1.7543859649122806
28083,MISSISSIPPI,LEFLORE,13200.0,74500.0,61300.0,464.3939393939394
28087,MISSISSIPPI,LOWNDES,10000.0,10600.0,600.0,6.0
28089,MISSISSIPPI,MADISON,14800.0,12000.0,-2800.0,-18.91891891891892
28093,MISSISSIPPI,MARSHALL,3600.0,5200.0,1600.0,44.44444444444444
28095,MISSISSIPPI,MONROE,16200.0,16600.0,400.0,2.4691358024691357
28097,MISSISSIPPI,MONTGOMERY,1900.0,3900.0,2000.0,105.26315789473684
28103,MISSISSIPPI,NOXUBEE,29000.0,28700.0,-300.0,-1.0344827586206897
28107,MISSISSIPPI,PANOLA,2900.0,15100.0,12200.0,420.6896551724138
28115,MISSISSIPPI,PONTOTOC,2700.0,3200.0,500.0,18.51851851851852
28117,MISSISSIPPI,PRENTISS,3400.0,2300.0,-1100.0,-32.35294117647059
28125,MISSISSIPPI,SHARKEY,18500.0,39500.0,21000.0,113.51351351351352
28133,MISSISSIPPI,SUNFLOWER,9900.0,72300.0,62400.0,630.3030303030303
28135,MISSISSIPPI,TALLAHATCHIE,14000.0,48000.0,34000.0,242.85714285714283
28137,MISSISSIPPI,TATE,3600.0,6100.0,2500.0,69.44444444444444
28139,MISSISSIPPI,TIPPAH,3100.0,3300.0,200.0,6.451612903225806
28145,MISSISSIPPI,UNION,3000.0,3200.0,200.0,6.666666666666667
28149,MISSISSIPPI,WARREN,6300.0,11700.0,5400.0,85.71428571428571
28151,MISSISSIPPI,WASHINGTON,17000.0,72700.0,55700.0,327.6470588235294
28163,MISSISSIPPI,YAZOO,37800.0,55500.0,17700.0,46.82539682539682
29001,MISSOURI,ADAIR,12300.0,16000.0,3700.0,30.081300813008134
29003,MISSOURI,ANDREW,50600.0,57000.0,6400.0,12.648221343873518
29005,MISSOURI,ATCHISON,129000.0,140000.0,11000.0,8.527131782945736
29007,MISSOURI,AUDRAIN,69800.0,107000.0,37200.0,53.29512893982808
29011,MISSOURI,BARTON,43300.0,63000.0,19700.0,45.49653579676674
29015,MISSOURI,BENTON,9200.0,13400.0,4200.0,45.65217391304348
29017,MISSOURI,BOLLINGER,11500.0,12000.0,500.0,4.3478260869565215
29019,MISSOURI,BOONE,20100.0,27000.0,6900.0,34.32835820895522
29021,MISSOURI,BUCHANAN,42000.0,50000.0,8000.0,19.047619047619047
29023,MISSOURI,BUTLER,10700.0,36000.0,25300.0,236.4485981308411
29025,MISSOURI,CALDWELL,13300.0,22500.0,9200.0,69.17293233082707
29027,MISSOURI,CALLAWAY,19800.0,35000.0,15200.0,76.76767676767676
29031,MISSOURI,CAPE GIRARDEAU,32000.0,41000.0,9000.0,28.125
29033,MISSOURI,CARROLL,75500.0,92000.0,16500.0,21.85430463576159
29037,MISSOURI,CASS,27000.0,36000.0,9000.0,33.33333333333333
29041,MISSOURI,CHARITON,64200.0,79000.0,14800.0,23.05295950155763
29045,MISSOURI,CLARK,49200.0,63000.0,13800.0,28.04878048780488
29047,MISSOURI,CLAY,6200.0,15500.0,9300.0,150.0
29049,MISSOURI,CLINTON,29700.0,43000.0,13300.0,44.78114478114478
29051,MISSOURI,COLE,4600.0,5300.0,700.0,15.217391304347828
29053,MISSOURI,COOPER,36800.0,52000.0,15200.0,41.30434782608695
29057,MISSOURI,DADE,10300.0,16000.0,5700.0,55.33980582524271
29063,MISSOURI,DE KALB,23100.0,34500.0,11400.0,49.35064935064935
29069,MISSOURI,DUNKLIN,11500.0,35000.0,23500.0,204.34782608695653
29071,MISSOURI,FRANKLIN,16900.0,23500.0,6600.0,39.053254437869825
29073,MISSOURI,GASCONADE,5800.0,7400.0,1600.0,27.586206896551722
29079,MISSOURI,GRUNDY,26600.0,33000.0,6400.0,24.06015037593985
29081,MISSOURI,HARRISON,44100.0,52000.0,7900.0,17.913832199546487
29083,MISSOURI,HENRY,20300.0,23000.0,2700.0,13.30049261083744
29087,MISSOURI,HOLT,97800.0,96000.0,-1800.0,-1.8404907975460123
29089,MISSOURI,HOWARD,27900.0,37000.0,9100.0,32.61648745519714
29095,MISSOURI,JACKSON,17100.0,26000.0,8900.0,52.046783625730995
29097,MISSOURI,JASPER,21600.0,32000.0,10400.0,48.148148148148145
29099,MISSOURI,JEFFERSON,3200.0,4500.0,1300.0,40.625
29101,MISSOURI,JOHNSON,31000.0,40000.0,9000.0,29.03225806451613
29103,MISSOURI,KNOX,37400.0,55000.0,17600.0,47.05882352941176
29107,MISSOURI,LAFAYETTE,90400.0,98000.0,7600.0,8.4070796460177
29109,MISSOURI,LAWRENCE,6900.0,12600.0,5700.0,82.6086956521739
29111,MISSOURI,LEWIS,51300.0,66000.0,14700.0,28.654970760233915
29113,MISSOURI,LINCOLN,34200.0,46000.0,11800.0,34.50292397660819
29115,MISSOURI,LINN,17600.0,32000.0,14400.0,81.81818181818183
29117,MISSOURI,LIVINGSTON,22500.0,38000.0,15500.0,68.88888888888889
29121,MISSOURI,MACON,20900.0,38000.0,17100.0,81.81818181818183
29127,MISSOURI,MARION,52000.0,61000.0,9000.0,17.307692307692307
29131,MISSOURI,MILLER,1900.0,1800.0,-100.0,-5.263157894736842
29133,MISSOURI,MISSISSIPPI,68700.0,76000.0,7300.0,10.625909752547306
29135,MISSOURI,MONITEAU,11100.0,12400.0,1300.0,11.711711711711711
29137,MISSOURI,MONROE,45400.0,62000.0,16600.0,36.56387665198238
29139,MISSOURI,MONTGOMERY,37900.0,51000.0,13100.0,34.56464379947229
29141,MISSOURI,MORGAN,6200.0,6700.0,500.0,8.064516129032258
29143,MISSOURI,NEW MADRID,51300.0,90000.0,38700.0,75.43859649122807
29147,MISSOURI,NODAWAY,109700.0,130000.0,20300.0,18.505013673655423
29151,MISSOURI,OSAGE,8900.0,11500.0,2600.0,29.213483146067414
29155,MISSOURI,PEMISCOT,13000.0,31000.0,18000.0,138.46153846153845
29157,MISSOURI,PERRY,24300.0,32000.0,7700.0,31.68724279835391
29159,MISSOURI,PETTIS,48500.0,58000.0,9500.0,19.587628865979383
29163,MISSOURI,PIKE,46500.0,69000.0,22500.0,48.38709677419355
29165,MISSOURI,PLATTE,39000.0,43000.0,4000.0,10.256410256410255
29171,MISSOURI,PUTNAM,11500.0,18000.0,6500.0,56.52173913043478
29173,MISSOURI,RALLS,43200.0,61000.0,17800.0,41.2037037037037
29175,MISSOURI,RANDOLPH,14400.0,22000.0,7600.0,52.77777777777778
29177,MISSOURI,RAY,36000.0,47000.0,11000.0,30.555555555555557
29183,MISSOURI,ST CHARLES,42500.0,50000.0,7500.0,17.647058823529413
29185,MISSOURI,ST CLAIR,9200.0,15000.0,5800.0,63.04347826086957
29186,MISSOURI,STE GENEVIEVE,13900.0,15000.0,1100.0,7.913669064748201
29189,MISSOURI,ST LOUIS,4900.0,5000.0,100.0,2.0408163265306123
29195,MISSOURI,SALINE,126800.0,144000.0,17200.0,13.564668769716087
29199,MISSOURI,SCOTLAND,36100.0,48000.0,11900.0,32.96398891966759
29201,MISSOURI,SCOTT,64600.0,75000.0,10400.0,16.09907120743034
29205,MISSOURI,SHELBY,38000.0,57000.0,19000.0,50.0
29207,MISSOURI,STODDARD,74500.0,99000.0,24500.0,32.88590604026846
29211,MISSOURI,SULLIVAN,10900.0,16000.0,5100.0,46.788990825688074
29217,MISSOURI,VERNON,41200.0,59000.0,17800.0,43.203883495145625
29219,MISSOURI,WARREN,16100.0,22000.0,5900.0,36.64596273291926
29227,MISSOURI,WORTH,11300.0,14500.0,3200.0,28.31858407079646
30009,MONTANA,CARBON,4300.0,6200.0,1900.0,44.18604651162791
30017,MONTANA,CUSTER,6400.0,10900.0,4500.0,70.3125
30047,MONTANA,LAKE,2300.0,1800.0,-500.0,-21.73913043478261
30083,MONTANA,RICHLAND,6800.0,8300.0,1500.0,22.058823529411764
30087,MONTANA,ROSEBUD,6800.0,7500.0,700.0,10.294117647058822
30111,MONTANA,YELLOWSTONE,12600.0,16800.0,4200.0,33.33333333333333
31001,NEBRASKA,ADAMS,159000.0,183500.0,24500.0,15.40880503144654
31003,NEBRASKA,ANTELOPE,163000.0,208300.0,45300.0,27.791411042944787
31007,NEBRASKA,BANNER,8500.0,19900.0,11400.0,134.1176470588235
31011,NEBRASKA,BOONE,158000.0,171700.0,13700.0,8.670886075949367
31013,NEBRASKA,BOX BUTTE,46500.0,68200.0,21700.0,46.666666666666664
31015,NEBRASKA,BOYD,27500.0,40000.0,12500.0,45.45454545454545
31017,NEBRASKA,BROWN,34000.0,47400.0,13400.0,39.411764705882355
31019,NEBRASKA,BUFFALO,184000.0,209000.0,25000.0,13.586956521739129
31021,NEBRASKA,BURT,123000.0,129400.0,6400.0,5.203252032520325
31023,NEBRASKA,BUTLER,138000.0,154500.0,16500.0,11.956521739130435
31025,NEBRASKA,CASS,118000.0,120800.0,2800.0,2.3728813559322033
31027,NEBRASKA,CEDAR,157000.0,197500.0,40500.0,25.796178343949045
31029,NEBRASKA,CHASE,142000.0,185500.0,43500.0,30.633802816901408
31031,NEBRASKA,CHERRY,15000.0,24900.0,9900.0,66.0
31033,NEBRASKA,CHEYENNE,22000.0,59800.0,37800.0,171.8181818181818
31035,NEBRASKA,CLAY,139000.0,182000.0,43000.0,30.935251798561154
31037,NEBRASKA,COLFAX,103000.0,116000.0,13000.0,12.62135922330097
31039,NEBRASKA,CUMING,153000.0,169000.0,16000.0,10.457516339869281
31041,NEBRASKA,CUSTER,216000.0,264000.0,48000.0,22.22222222222222
31043,NEBRASKA,DAKOTA,57000.0,70400.0,13400.0,23.50877192982456
31045,NEBRASKA,DAWES,2500.0,9500.0,7000.0,280.0
31047,NEBRASKA,DAWSON,192000.0,211000.0,19000.0,9.895833333333332
31049,NEBRASKA,DEUEL,16000.0,38100.0,22100.0,138.125
31051,NEBRASKA,DIXON,86500.0,124000.0,37500.0,43.35260115606936
31053,NEBRASKA,DODGE,135000.0,154500.0,19500.0,14.444444444444443
31055,NEBRASKA,DOUGLAS,26000.0,32500.0,6500.0,25.0
31057,NEBRASKA,DUNDY,81500.0,112000.0,30500.0,37.423312883435585
31059,NEBRASKA,FILLMORE,155000.0,198500.0,43500.0,28.064516129032256
31061,NEBRASKA,FRANKLIN,66000.0,94000.0,28000.0,42.42424242424242
31063,NEBRASKA,FRONTIER,77500.0,104000.0,26500.0,34.193548387096776
31065,NEBRASKA,FURNAS,80000.0,114000.0,34000.0,42.5
31067,NEBRASKA,GAGE,132000.0,177500.0,45500.0,34.46969696969697
31069,NEBRASKA,GARDEN,19500.0,36100.0,16600.0,85.12820512820512
31071,NEBRASKA,GARFIELD,10800.0,14400.0,3600.0,33.33333333333333
31073,NEBRASKA,GOSPER,71000.0,87300.0,16300.0,22.95774647887324
31077,NEBRASKA,GREELEY,74000.0,82000.0,8000.0,10.81081081081081
31079,NEBRASKA,HALL,182000.0,196000.0,14000.0,7.6923076923076925
31081,NEBRASKA,HAMILTON,178000.0,205500.0,27500.0,15.44943820224719
31083,NEBRASKA,HARLAN,79000.0,107000.0,28000.0,35.44303797468354
31085,NEBRASKA,HAYES,57500.0,91000.0,33500.0,58.26086956521739
31087,NEBRASKA,HITCHCOCK,49000.0,72500.0,23500.0,47.95918367346938
31089,NEBRASKA,HOLT,143000.0,201000.0,58000.0,40.55944055944056
31093,NEBRASKA,HOWARD,92000.0,111500.0,19500.0,21.195652173913043
31095,NEBRASKA,JEFFERSON,81000.0,107000.0,26000.0,32.098765432098766
31097,NEBRASKA,JOHNSON,38000.0,56400.0,18400.0,48.421052631578945
31099,NEBRASKA,KEARNEY,147000.0,164000.0,17000.0,11.564625850340136
31101,NEBRASKA,KEITH,82000.0,115500.0,33500.0,40.853658536585364
31103,NEBRASKA,KEYA PAHA,8800.0,21700.0,12900.0,146.5909090909091
31105,NEBRASKA,KIMBALL,13500.0,26400.0,12900.0,95.55555555555556
31107,NEBRASKA,KNOX,117000.0,156000.0,39000.0,33.33333333333333
31109,NEBRASKA,LANCASTER,120000.0,134900.0,14900.0,12.416666666666666
31111,NEBRASKA,LINCOLN,182000.0,229000.0,47000.0,25.82417582417583
31113,NEBRASKA,LOGAN,20500.0,28400.0,7900.0,38.53658536585366
31115,NEBRASKA,LOUP,6700.0,9200.0,2500.0,37.3134328358209
31119,NEBRASKA,MADISON,130000.0,145800.0,15800.0,12.153846153846153
31121,NEBRASKA,MERRICK,124000.0,133000.0,9000.0,7.258064516129033
31123,NEBRASKA,MORRILL,59000.0,71400.0,12400.0,21.01694915254237
31125,NEBRASKA,NANCE,76000.0,89000.0,13000.0,17.105263157894736
31127,NEBRASKA,NEMAHA,77000.0,84000.0,7000.0,9.090909090909092
31129,NEBRASKA,NUCKOLLS,79000.0,120000.0,41000.0,51.89873417721519
31131,NEBRASKA,OTOE,117000.0,134000.0,17000.0,14.529914529914532
31133,NEBRASKA,PAWNEE,40000.0,53000.0,13000.0,32.5
31135,NEBRASKA,PERKINS,162500.0,250000.0,87500.0,53.84615384615385
31137,NEBRASKA,PHELPS,157000.0,176200.0,19200.0,12.229299363057326
31139,NEBRASKA,PIERCE,128000.0,153500.0,25500.0,19.921875
31141,NEBRASKA,PLATTE,198000.0,206000.0,8000.0,4.040404040404041
31143,NEBRASKA,POLK,119000.0,137500.0,18500.0,15.546218487394958
31145,NEBRASKA,RED WILLOW,66000.0,97500.0,31500.0,47.72727272727273
31147,NEBRASKA,RICHARDSON,91000.0,111600.0,20600.0,22.63736263736264
31151,NEBRASKA,SALINE,109000.0,147500.0,38500.0,35.321100917431195
31153,NEBRASKA,SARPY,33000.0,36500.0,3500.0,10.606060606060606
31155,NEBRASKA,SAUNDERS,171000.0,179500.0,8500.0,4.970760233918129
31157,NEBRASKA,SCOTTS BLUFF,81000.0,90800.0,9800.0,12.098765432098766
31159,NEBRASKA,SEWARD,127000.0,146500.0,19500.0,15.354330708661418
31161,NEBRASKA,SHERIDAN,28000.0,52000.0,24000.0,85.71428571428571
31163,NEBRASKA,SHERMAN,72000.0,84000.0,12000.0,16.666666666666664
31165,NEBRASKA,SIOUX,13500.0,15800.0,2300.0,17.037037037037038
31167,NEBRASKA,STANTON,77500.0,99500.0,22000.0,28.387096774193548
31169,NEBRASKA,THAYER,112000.0,153500.0,41500.0,37.05357142857143
31173,NEBRASKA,THURSTON,88000.0,99900.0,11900.0,13.522727272727272
31175,NEBRASKA,VALLEY,68000.0,76500.0,8500.0,12.5
31177,NEBRASKA,WASHINGTON,82000.0,83800.0,1800.0,2.195121951219512
31179,NEBRASKA,WAYNE,112000.0,135000.0,23000.0,20.535714285714285
31181,NEBRASKA,WEBSTER,66000.0,91500.0,25500.0,38.63636363636363
31185,NEBRASKA,YORK,192000.0,213500.0,21500.0,11.197916666666668
34005,NEW JERSEY,BURLINGTON,7200.0,9200.0,2000.0,27.77777777777778
34011,NEW JERSEY,CUMBERLAND,5100.0,6000.0,900.0,17.647058823529413
34015,NEW JERSEY,GLOUCESTER,4000.0,5500.0,1500.0,37.5
34019,NEW JERSEY,HUNTERDON,6800.0,9200.0,2400.0,35.294117647058826
34021,NEW JERSEY,MERCER,3200.0,2800.0,-400.0,-12.5
34027,NEW JERSEY,MORRIS,1200.0,1300.0,100.0,8.333333333333332
34033,NEW JERSEY,SALEM,19100.0,23600.0,4500.0,23.56020942408377
34035,NEW JERSEY,SOMERSET,3000.0,2300.0,-700.0,-23.333333333333332
34037,NEW JERSEY,SUSSEX,4600.0,5800.0,1200.0,26.08695652173913
34041,NEW JERSEY,WARREN,19600.0,22400.0,2800.0,14.285714285714285
35059,NEW MEXICO,UNION,25000.0,20000.0,-5000.0,-20.0
36001,NEW YORK,ALBANY,2100.0,4100.0,2000.0,95.23809523809523
36007,NEW YORK,BROOME,6200.0,6900.0,700.0,11.29032258064516
36011,NEW YORK,CAYUGA,57300.0,64900.0,7600.0,13.263525305410123
36013,NEW YORK,CHAUTAUQUA,20400.0,24700.0,4300.0,21.07843137254902
36015,NEW YORK,CHEMUNG,5400.0,5800.0,400.0,7.4074074074074066
36017,NEW YORK,CHENANGO,15200.0,16100.0,900.0,5.921052631578947
36019,NEW YORK,CLINTON,19500.0,25500.0,6000.0,30.76923076923077
36021,NEW YORK,COLUMBIA,15100.0,14300.0,-800.0,-5.298013245033113
36023,NEW YORK,CORTLAND,14400.0,18000.0,3600.0,25.0
36025,NEW YORK,DELAWARE,7100.0,7300.0,200.0,2.8169014084507045
36027,NEW YORK,DUTCHESS,6600.0,7200.0,600.0,9.090909090909092
36029,NEW YORK,ERIE,22200.0,27200.0,5000.0,22.52252252252252
36035,NEW YORK,FULTON,2400.0,3100.0,700.0,29.166666666666668
36037,NEW YORK,GENESEE,45800.0,53500.0,7700.0,16.812227074235807
36043,NEW YORK,HERKIMER,15200.0,21200.0,6000.0,39.473684210526315
36045,NEW YORK,JEFFERSON,35800.0,44000.0,8200.0,22.905027932960895
36049,NEW YORK,LEWIS,20600.0,27500.0,6900.0,33.49514563106796
36051,NEW YORK,LIVINGSTON,57800.0,68900.0,11100.0,19.20415224913495
36053,NEW YORK,MADISON,25500.0,31000.0,5500.0,21.568627450980394
36055,NEW YORK,MONROE,23000.0,31700.0,8700.0,37.826086956521735
36057,NEW YORK,MONTGOMERY,17900.0,20100.0,2200.0,12.290502793296088
36063,NEW YORK,NIAGARA,30100.0,38900.0,8800.0,29.2358803986711
36065,NEW YORK,ONEIDA,33400.0,37200.0,3800.0,11.377245508982035
36067,NEW YORK,ONONDAGA,37100.0,37800.0,700.0,1.8867924528301887
36069,NEW YORK,ONTARIO,39000.0,47800.0,8800.0,22.564102564102566
36071,NEW YORK,ORANGE,7500.0,7300.0,-200.0,-2.666666666666667
36073,NEW YORK,ORLEANS,31600.0,49400.0,17800.0,56.32911392405063
36075,NEW YORK,OSWEGO,8200.0,11500.0,3300.0,40.243902439024396
36077,NEW YORK,OTSEGO,14300.0,19300.0,5000.0,34.96503496503497
36083,NEW YORK,RENSSELAER,13400.0,14800.0,1400.0,10.44776119402985
36089,NEW YORK,ST LAWRENCE,29500.0,40000.0,10500.0,35.59322033898305
36091,NEW YORK,SARATOGA,9400.0,10900.0,1500.0,15.957446808510639
36093,NEW YORK,SCHENECTADY,600.0,1100.0,500.0,83.33333333333334
36095,NEW YORK,SCHOHARIE,8000.0,10700.0,2700.0,33.75
36097,NEW YORK,SCHUYLER,6900.0,8700.0,1800.0,26.08695652173913
36099,NEW YORK,SENECA,25200.0,28400.0,3200.0,12.698412698412698
36101,NEW YORK,STEUBEN,32600.0,43000.0,10400.0,31.901840490797547
36103,NEW YORK,SUFFOLK,700.0,1200.0,500.0,71.42857142857143
36107,NEW YORK,TIOGA,9000.0,9200.0,200.0,2.2222222222222223
36109,NEW YORK,TOMPKINS,11800.0,17900.0,6100.0,51.69491525423729
36111,NEW YORK,ULSTER,1100.0,2000.0,900.0,81.81818181818183
36115,NEW YORK,WASHINGTON,27200.0,30100.0,2900.0,10.661764705882353
36117,NEW YORK,WAYNE,31000.0,36900.0,5900.0,19.032258064516128
36121,NEW YORK,WYOMING,48700.0,60300.0,11600.0,23.81930184804928
36123,NEW YORK,YATES,10300.0,16000.0,5700.0,55.33980582524271
37001,NORTH CAROLINA,ALAMANCE,3300.0,3400.0,100.0,3.0303030303030303
37007,NORTH CAROLINA,ANSON,5500.0,8800.0,3300.0,60.0
37013,NORTH CAROLINA,BEAUFORT,46600.0,41300.0,-5300.0,-11.373390557939913
37015,NORTH CAROLINA,BERTIE,16700.0,9900.0,-6800.0,-40.7185628742515
37017,NORTH CAROLINA,BLADEN,24500.0,22000.0,-2500.0,-10.204081632653061
37019,NORTH CAROLINA,BRUNSWICK,5500.0,7500.0,2000.0,36.36363636363637
37023,NORTH CAROLINA,BURKE,900.0,1400.0,500.0,55.55555555555556
37025,NORTH CAROLINA,CABARRUS,3300.0,5100.0,1800.0,54.54545454545454
37029,NORTH CAROLINA,CAMDEN,13900.0,16500.0,2600.0,18.705035971223023
37033,NORTH CAROLINA,CASWELL,1200.0,1600.0,400.0,33.33333333333333
37035,NORTH CAROLINA,CATAWBA,2600.0,3400.0,800.0,30.76923076923077
37037,NORTH CAROLINA,CHATHAM,2400.0,2600.0,200.0,8.333333333333332
37039,NORTH CAROLINA,CHEROKEE,650.0,1000.0,350.0,53.84615384615385
37041,NORTH CAROLINA,CHOWAN,3000.0,4600.0,1600.0,53.333333333333336
37045,NORTH CAROLINA,CLEVELAND,1500.0,3100.0,1600.0,106.66666666666667
37047,NORTH CAROLINA,COLUMBUS,32700.0,38300.0,5600.0,17.12538226299694
37049,NORTH CAROLINA,CRAVEN,16300.0,19000.0,2700.0,16.56441717791411
37051,NORTH CAROLINA,CUMBERLAND,10400.0,9700.0,-700.0,-6.730769230769231
37053,NORTH CAROLINA,CURRITUCK,8500.0,13300.0,4800.0,56.470588235294116
37057,NORTH CAROLINA,DAVIDSON,6200.0,6300.0,100.0,1.6129032258064515
37059,NORTH CAROLINA,DAVIE,4800.0,8400.0,3600.0,75.0
37061,NORTH CAROLINA,DUPLIN,46100.0,37200.0,-8900.0,-19.305856832971802
37065,NORTH CAROLINA,EDGECOMBE,11500.0,9300.0,-2200.0,-19.130434782608695
37069,NORTH CAROLINA,FRANKLIN,1550.0,1300.0,-250.0,-16.129032258064516
37073,NORTH CAROLINA,GATES,5200.0,5100.0,-100.0,-1.9230769230769231
37077,NORTH CAROLINA,GRANVILLE,1850.0,2800.0,950.0,51.35135135135135
37079,NORTH CAROLINA,GREENE,11200.0,8600.0,-2600.0,-23.214285714285715
37081,NORTH CAROLINA,GUILFORD,5600.0,5400.0,-200.0,-3.571428571428571
37083,NORTH CAROLINA,HALIFAX,6800.0,3800.0,-3000.0,-44.11764705882353
37089,NORTH CAROLINA,HENDERSON,3200.0,3400.0,200.0,6.25
37091,NORTH CAROLINA,HERTFORD,8800.0,7100.0,-1700.0,-19.318181818181817
37093,NORTH CAROLINA,HOKE,2900.0,6200.0,3300.0,113.79310344827587
37095,NORTH CAROLINA,HYDE,25200.0,29900.0,4700.0,18.650793650793652
37097,NORTH CAROLINA,IREDELL,15600.0,19000.0,3400.0,21.794871794871796
37101,NORTH CAROLINA,JOHNSTON,9000.0,8700.0,-300.0,-3.3333333333333335
37105,NORTH CAROLINA,LEE,800.0,1200.0,400.0,50.0
37107,NORTH CAROLINA,LENOIR,20000.0,19300.0,-700.0,-3.5000000000000004
37117,NORTH CAROLINA,MARTIN,3900.0,3600.0,-300.0,-7.6923076923076925
37123,NORTH CAROLINA,MONTGOMERY,600.0,1900.0,1300.0,216.66666666666666
37131,NORTH CAROLINA,NORTHAMPTON,2600.0,5300.0,2700.0,103.84615384615385
37133,NORTH CAROLINA,ONSLOW,10300.0,8300.0,-2000.0,-19.41747572815534
37135,NORTH CAROLINA,ORANGE,2800.0,3700.0,900.0,32.142857142857146
37137,NORTH CAROLINA,PAMLICO,11300.0,17100.0,5800.0,51.32743362831859
37139,NORTH CAROLINA,PASQUOTANK,17800.0,24800.0,7000.0,39.325842696629216
37141,NORTH CAROLINA,PENDER,12500.0,14500.0,2000.0,16.0
37143,NORTH CAROLINA,PERQUIMANS,11900.0,14000.0,2100.0,17.647058823529413
37145,NORTH CAROLINA,PERSON,2600.0,3100.0,500.0,19.230769230769234
37147,NORTH CAROLINA,PITT,20200.0,14000.0,-6200.0,-30.693069306930692
37151,NORTH CAROLINA,RANDOLPH,7500.0,7700.0,200.0,2.666666666666667
37155,NORTH CAROLINA,ROBESON,49900.0,65300.0,15400.0,30.861723446893784
37157,NORTH CAROLINA,ROCKINGHAM,2900.0,4100.0,1200.0,41.37931034482759
37159,NORTH CAROLINA,ROWAN,8600.0,11200.0,2600.0,30.23255813953488
37163,NORTH CAROLINA,SAMPSON,35100.0,31400.0,-3700.0,-10.541310541310542
37165,NORTH CAROLINA,SCOTLAND,1400.0,5500.0,4100.0,292.85714285714283
37167,NORTH CAROLINA,STANLY,8500.0,13700.0,5200.0,61.1764705882353
37169,NORTH CAROLINA,STOKES,1300.0,1900.0,600.0,46.15384615384615
37171,NORTH CAROLINA,SURRY,7350.0,9900.0,2550.0,34.69387755102041
37177,NORTH CAROLINA,TYRRELL,24800.0,27300.0,2500.0,10.080645161290322
37179,NORTH CAROLINA,UNION,25800.0,36400.0,10600.0,41.08527131782946
37187,NORTH CAROLINA,WASHINGTON,25400.0,29300.0,3900.0,15.354330708661418
37191,NORTH CAROLINA,WAYNE,31100.0,22000.0,-9100.0,-29.260450160771708
37193,NORTH CAROLINA,WILKES,6000.0,9800.0,3800.0,63.33333333333333
37195,NORTH CAROLINA,WILSON,7900.0,8900.0,1000.0,12.658227848101266
37197,NORTH CAROLINA,YADKIN,12200.0,14200.0,2000.0,16.39344262295082
38001,NORTH DAKOTA,ADAMS,12000.0,25200.0,13200.0,110.00000000000001
38003,NORTH DAKOTA,BARNES,90000.0,198500.0,108500.0,120.55555555555554
38005,NORTH DAKOTA,BENSON,34000.0,75800.0,41800.0,122.94117647058825
38009,NORTH DAKOTA,BOTTINEAU,3000.0,28600.0,25600.0,853.3333333333334
38011,NORTH DAKOTA,BOWMAN,7500.0,15100.0,7600.0,101.33333333333334
38015,NORTH DAKOTA,BURLEIGH,29000.0,65000.0,36000.0,124.13793103448276
38017,NORTH DAKOTA,CASS,140000.0,365500.0,225500.0,161.07142857142858
38019,NORTH DAKOTA,CAVALIER,600.0,5700.0,5100.0,850.0
38021,NORTH DAKOTA,DICKEY,111000.0,196000.0,85000.0,76.57657657657657
38029,NORTH DAKOTA,EMMONS,45500.0,149000.0,103500.0,227.47252747252747
38031,NORTH DAKOTA,FOSTER,26000.0,62800.0,36800.0,141.53846153846155
38035,NORTH DAKOTA,GRAND FORKS,40500.0,143500.0,103000.0,254.32098765432102
38039,NORTH DAKOTA,GRIGGS,20000.0,43500.0,23500.0,117.5
38041,NORTH DAKOTA,HETTINGER,13500.0,29600.0,16100.0,119.25925925925927
38043,NORTH DAKOTA,KIDDER,21000.0,44400.0,23400.0,111.42857142857143
38045,NORTH DAKOTA,LA MOURE,110000.0,184000.0,74000.0,67.27272727272727
38047,NORTH DAKOTA,LOGAN,20500.0,66200.0,45700.0,222.9268292682927
38049,NORTH DAKOTA,MCHENRY,22000.0,63200.0,41200.0,187.27272727272728
38051,NORTH DAKOTA,MCINTOSH,22500.0,61300.0,38800.0,172.44444444444446
38055,NORTH DAKOTA,MCLEAN,15200.0,64700.0,49500.0,325.65789473684214
38057,NORTH DAKOTA,MERCER,7800.0,29900.0,22100.0,283.33333333333337
38059,NORTH DAKOTA,MORTON,35000.0,80200.0,45200.0,129.14285714285714
38063,NORTH DAKOTA,NELSON,16000.0,29000.0,13000.0,81.25
38065,NORTH DAKOTA,OLIVER,15100.0,24600.0,9500.0,62.913907284768214
38067,NORTH DAKOTA,PEMBINA,16000.0,37100.0,21100.0,131.875
38069,NORTH DAKOTA,PIERCE,13000.0,36300.0,23300.0,179.23076923076923
38071,NORTH DAKOTA,RAMSEY,48000.0,58500.0,10500.0,21.875
38073,NORTH DAKOTA,RANSOM,60000.0,117500.0,57500.0,95.83333333333334
38077,NORTH DAKOTA,RICHLAND,225000.0,301500.0,76500.0,34.0
38079,NORTH DAKOTA,ROLETTE,3000.0,7100.0,4100.0,136.66666666666666
38081,NORTH DAKOTA,SARGENT,81000.0,145500.0,64500.0,79.62962962962963
38087,NORTH DAKOTA,SLOPE,3000.0,11000.0,8000.0,266.66666666666663
38089,NORTH DAKOTA,STARK,13000.0,28900.0,15900.0,122.30769230769232
38091,NORTH DAKOTA,STEELE,54000.0,112500.0,58500.0,108.33333333333333
38093,NORTH DAKOTA,STUTSMAN,75000.0,215500.0,140500.0,187.33333333333334
38095,NORTH DAKOTA,TOWNER,8400.0,12700.0,4300.0,51.19047619047619
38097,NORTH DAKOTA,TRAILL,96000.0,142000.0,46000.0,47.91666666666667
38099,NORTH DAKOTA,WALSH,15500.0,60500.0,45000.0,290.3225806451613
38101,NORTH DAKOTA,WARD,6500.0,27600.0,21100.0,324.61538461538464
38103,NORTH DAKOTA,WELLS,35000.0,101000.0,66000.0,188.57142857142856
38105,NORTH DAKOTA,WILLIAMS,2500.0,4300.0,1800.0,72.0
39001,OHIO,ADAMS,11300.0,17300.0,6000.0,53.09734513274337
39003,OHIO,ALLEN,55300.0,71800.0,16500.0,29.8372513562387
39005,OHIO,ASHLAND,33300.0,42400.0,9100.0,27.32732732732733
39007,OHIO,ASHTABULA,18500.0,23300.0,4800.0,25.945945945945947
39009,OHIO,ATHENS,2200.0,2900.0,700.0,31.818181818181817
39011,OHIO,AUGLAIZE,62200.0,78800.0,16600.0,26.688102893890676
39015,OHIO,BROWN,19700.0,28500.0,8800.0,44.67005076142132
39017,OHIO,BUTLER,26900.0,30800.0,3900.0,14.49814126394052
39019,OHIO,CARROLL,9500.0,12600.0,3100.0,32.631578947368425
39021,OHIO,CHAMPAIGN,74300.0,91900.0,17600.0,23.687752355316285
39023,OHIO,CLARK,58700.0,67100.0,8400.0,14.310051107325384
39025,OHIO,CLERMONT,11400.0,18700.0,7300.0,64.03508771929825
39027,OHIO,CLINTON,56500.0,76900.0,20400.0,36.10619469026549
39029,OHIO,COLUMBIANA,19800.0,26200.0,6400.0,32.323232323232325
39031,OHIO,COSHOCTON,21500.0,29200.0,7700.0,35.81395348837209
39033,OHIO,CRAWFORD,76200.0,83600.0,7400.0,9.711286089238845
39037,OHIO,DARKE,120000.0,136000.0,16000.0,13.333333333333334
39039,OHIO,DEFIANCE,47600.0,57300.0,9700.0,20.3781512605042
39041,OHIO,DELAWARE,37000.0,50100.0,13100.0,35.4054054054054
39043,OHIO,ERIE,30400.0,32100.0,1700.0,5.592105263157895
39045,OHIO,FAIRFIELD,53200.0,65700.0,12500.0,23.49624060150376
39047,OHIO,FAYETTE,69300.0,96300.0,27000.0,38.961038961038966
39051,OHIO,FULTON,79500.0,85900.0,6400.0,8.050314465408805
39055,OHIO,GEAUGA,3400.0,3700.0,300.0,8.823529411764707
39057,OHIO,GREENE,53800.0,63800.0,10000.0,18.587360594795538
39059,OHIO,GUERNSEY,3500.0,4200.0,700.0,20.0
39061,OHIO,HAMILTON,3800.0,3900.0,100.0,2.631578947368421
39063,OHIO,HANCOCK,75300.0,94500.0,19200.0,25.49800796812749
39065,OHIO,HARDIN,78700.0,100000.0,21300.0,27.064803049555273
39067,OHIO,HARRISON,4300.0,4600.0,300.0,6.976744186046512
39069,OHIO,HENRY,71300.0,84900.0,13600.0,19.074333800841515
39071,OHIO,HIGHLAND,33300.0,47600.0,14300.0,42.94294294294294
39073,OHIO,HOCKING,1700.0,3200.0,1500.0,88.23529411764706
39075,OHIO,HOLMES,26900.0,24800.0,-2100.0,-7.806691449814126
39077,OHIO,HURON,65400.0,75300.0,9900.0,15.137614678899084
39083,OHIO,KNOX,44600.0,57100.0,12500.0,28.02690582959641
39089,OHIO,LICKING,46800.0,64700.0,17900.0,38.24786324786324
39091,OHIO,LOGAN,64300.0,78700.0,14400.0,22.3950233281493
39093,OHIO,LORAIN,24800.0,29900.0,5100.0,20.56451612903226
39095,OHIO,LUCAS,20000.0,23500.0,3500.0,17.5
39097,OHIO,MADISON,79200.0,106500.0,27300.0,34.46969696969697
39099,OHIO,MAHONING,14900.0,15300.0,400.0,2.684563758389262
39101,OHIO,MARION,53300.0,71000.0,17700.0,33.20825515947467
39103,OHIO,MEDINA,16400.0,19800.0,3400.0,20.73170731707317
39105,OHIO,MEIGS,2400.0,3900.0,1500.0,62.5
39107,OHIO,MERCER,93600.0,107500.0,13900.0,14.850427350427351
39109,OHIO,MIAMI,67200.0,80600.0,13400.0,19.940476190476193
39113,OHIO,MONTGOMERY,34000.0,40500.0,6500.0,19.11764705882353
39115,OHIO,MORGAN,3200.0,4200.0,1000.0,31.25
39117,OHIO,MORROW,39100.0,47100.0,8000.0,20.460358056265985
39119,OHIO,MUSKINGUM,14600.0,20000.0,5400.0,36.986301369863014
39123,OHIO,OTTAWA,20400.0,25700.0,5300.0,25.98039215686275
39125,OHIO,PAULDING,48600.0,73200.0,24600.0,50.617283950617285
39127,OHIO,PERRY,16200.0,19500.0,3300.0,20.37037037037037
39129,OHIO,PICKAWAY,82000.0,100500.0,18500.0,22.5609756097561
39133,OHIO,PORTAGE,13400.0,16200.0,2800.0,20.8955223880597
39135,OHIO,PREBLE,73700.0,83100.0,9400.0,12.754409769335142
39137,OHIO,PUTNAM,69900.0,84500.0,14600.0,20.88698140200286
39139,OHIO,RICHLAND,29200.0,43900.0,14700.0,50.34246575342466
39143,OHIO,SANDUSKY,59900.0,75200.0,15300.0,25.542570951585976
39145,OHIO,SCIOTO,5900.0,7400.0,1500.0,25.423728813559322
39147,OHIO,SENECA,79500.0,103000.0,23500.0,29.559748427672954
39149,OHIO,SHELBY,66700.0,78400.0,11700.0,17.541229385307346
39151,OHIO,STARK,28200.0,33600.0,5400.0,19.148936170212767
39153,OHIO,SUMMIT,1300.0,1600.0,300.0,23.076923076923077
39155,OHIO,TRUMBULL,20800.0,22300.0,1500.0,7.211538461538461
39157,OHIO,TUSCARAWAS,21700.0,22600.0,900.0,4.147465437788019
39159,OHIO,UNION,46500.0,62800.0,16300.0,35.053763440860216
39161,OHIO,VAN WERT,68200.0,82800.0,14600.0,21.407624633431084
39165,OHIO,WARREN,19100.0,25800.0,6700.0,35.07853403141361
39167,OHIO,WASHINGTON,9200.0,9000.0,-200.0,-2.1739130434782608
39169,OHIO,WAYNE,60800.0,66300.0,5500.0,9.046052631578947
39171,OHIO,WILLIAMS,49000.0,61100.0,12100.0,24.693877551020407
39173,OHIO,WOOD,87500.0,114500.0,27000.0,30.857142857142854
39175,OHIO,WYANDOT,64200.0,81900.0,17700.0,27.570093457943923
40007,OKLAHOMA,BEAVER,4500.0,9600.0,5100.0,113.33333333333333
40023,OKLAHOMA,CHOCTAW,4200.0,3200.0,-1000.0,-23.809523809523807
40025,OKLAHOMA,CIMARRON,17000.0,29000.0,12000.0,70.58823529411765
40035,OKLAHOMA,CRAIG,6000.0,5300.0,-700.0,-11.666666666666666
40047,OKLAHOMA,GARFIELD,6500.0,21300.0,14800.0,227.69230769230768
40053,OKLAHOMA,GRANT,7200.0,17700.0,10500.0,145.83333333333331
40063,OKLAHOMA,HUGHES,500.0,500.0,0.0,0.0
40071,OKLAHOMA,KAY,32000.0,36000.0,4000.0,12.5
40079,OKLAHOMA,LEFLORE,6000.0,2800.0,-3200.0,-53.333333333333336
40089,OKLAHOMA,MCCURTAIN,13800.0,15000.0,1200.0,8.695652173913043
40093,OKLAHOMA,MAJOR,2800.0,4100.0,1300.0,46.42857142857143
40097,OKLAHOMA,MAYES,1800.0,1500.0,-300.0,-16.666666666666664
40101,OKLAHOMA,MUSKOGEE,5000.0,8700.0,3700.0,74.0
40103,OKLAHOMA,NOBLE,7500.0,13100.0,5600.0,74.66666666666667
40109,OKLAHOMA,OKLAHOMA,600.0,1800.0,1200.0,200.0
40115,OKLAHOMA,OTTAWA,8500.0,10100.0,1600.0,18.823529411764707
40125,OKLAHOMA,POTTAWATOMIE,2700.0,3200.0,500.0,18.51851851851852
40131,OKLAHOMA,ROGERS,500.0,700.0,200.0,40.0
40135,OKLAHOMA,SEQUOYAH,7500.0,7000.0,-500.0,-6.666666666666667
40139,OKLAHOMA,TEXAS,76500.0,108000.0,31500.0,41.17647058823529
40145,OKLAHOMA,WAGONER,3000.0,2800.0,-200.0,-6.666666666666667
42001,PENNSYLVANIA,ADAMS,29500.0,33000.0,3500.0,11.864406779661017
42003,PENNSYLVANIA,ALLEGHENY,1500.0,1300.0,-200.0,-13.333333333333334
42005,PENNSYLVANIA,ARMSTRONG,13700.0,18000.0,4300.0,31.386861313868614
42007,PENNSYLVANIA,BEAVER,4700.0,7000.0,2300.0,48.93617021276596
42009,PENNSYLVANIA,BEDFORD,35800.0,36000.0,200.0,0.5586592178770949
42011,PENNSYLVANIA,BERKS,53400.0,67000.0,13600.0,25.468164794007492
42013,PENNSYLVANIA,BLAIR,32900.0,26000.0,-6900.0,-20.972644376899694
42017,PENNSYLVANIA,BUCKS,15000.0,16000.0,1000.0,6.666666666666667
42019,PENNSYLVANIA,BUTLER,18300.0,23000.0,4700.0,25.683060109289617
42021,PENNSYLVANIA,CAMBRIA,12200.0,14000.0,1800.0,14.754098360655737
42027,PENNSYLVANIA,CENTRE,27900.0,30000.0,2100.0,7.526881720430108
42029,PENNSYLVANIA,CHESTER,36500.0,43000.0,6500.0,17.80821917808219
42031,PENNSYLVANIA,CLARION,11200.0,12000.0,800.0,7.142857142857142
42033,PENNSYLVANIA,CLEARFIELD,4600.0,8000.0,3400.0,73.91304347826086
42035,PENNSYLVANIA,CLINTON,10600.0,12000.0,1400.0,13.20754716981132
42037,PENNSYLVANIA,COLUMBIA,18100.0,25000.0,6900.0,38.12154696132597
42039,PENNSYLVANIA,CRAWFORD,29500.0,45000.0,15500.0,52.54237288135594
42041,PENNSYLVANIA,CUMBERLAND,41500.0,45000.0,3500.0,8.433734939759036
42043,PENNSYLVANIA,DAUPHIN,20300.0,22000.0,1700.0,8.374384236453201
42047,PENNSYLVANIA,ELK,1300.0,1500.0,200.0,15.384615384615385
42049,PENNSYLVANIA,ERIE,25000.0,25000.0,0.0,0.0
42051,PENNSYLVANIA,FAYETTE,10500.0,13000.0,2500.0,23.809523809523807
42055,PENNSYLVANIA,FRANKLIN,71700.0,82000.0,10300.0,14.365411436541143
42057,PENNSYLVANIA,FULTON,16100.0,13000.0,-3100.0,-19.25465838509317
42059,PENNSYLVANIA,GREENE,1400.0,1600.0,200.0,14.285714285714285
42061,PENNSYLVANIA,HUNTINGDON,28900.0,27000.0,-1900.0,-6.5743944636678195
42063,PENNSYLVANIA,INDIANA,23300.0,26000.0,2700.0,11.587982832618025
42065,PENNSYLVANIA,JEFFERSON,7400.0,11000.0,3600.0,48.64864864864865
42067,PENNSYLVANIA,JUNIATA,21100.0,22000.0,900.0,4.265402843601896
42071,PENNSYLVANIA,LANCASTER,172500.0,139000.0,-33500.0,-19.420289855072465
42073,PENNSYLVANIA,LAWRENCE,15400.0,18000.0,2600.0,16.883116883116884
42075,PENNSYLVANIA,LEBANON,45200.0,45000.0,-200.0,-0.4424778761061947
42077,PENNSYLVANIA,LEHIGH,25000.0,26500.0,1500.0,6.0
42079,PENNSYLVANIA,LUZERNE,8700.0,11000.0,2300.0,26.436781609195403
42081,PENNSYLVANIA,LYCOMING,24300.0,27000.0,2700.0,11.11111111111111
42085,PENNSYLVANIA,MERCER,38000.0,41000.0,3000.0,7.894736842105263
42087,PENNSYLVANIA,MIFFLIN,20500.0,20000.0,-500.0,-2.4390243902439024
42089,PENNSYLVANIA,MONROE,3000.0,4000.0,1000.0,33.33333333333333
42093,PENNSYLVANIA,MONTOUR,7100.0,12000.0,4900.0,69.01408450704226
42095,PENNSYLVANIA,NORTHAMPTON,29400.0,35000.0,5600.0,19.047619047619047
42097,PENNSYLVANIA,NORTHUMBERLAND,34500.0,37000.0,2500.0,7.246376811594203
42099,PENNSYLVANIA,PERRY,23800.0,28000.0,4200.0,17.647058823529413
42105,PENNSYLVANIA,POTTER,7400.0,9000.0,1600.0,21.62162162162162
42107,PENNSYLVANIA,SCHUYLKILL,19700.0,31500.0,11800.0,59.89847715736041
42109,PENNSYLVANIA,SNYDER,15700.0,21000.0,5300.0,33.75796178343949
42111,PENNSYLVANIA,SOMERSET,27600.0,29000.0,1400.0,5.072463768115942
42113,PENNSYLVANIA,SULLIVAN,3400.0,3800.0,400.0,11.76470588235294
42115,PENNSYLVANIA,SUSQUEHANNA,6200.0,6700.0,500.0,8.064516129032258
42117,PENNSYLVANIA,TIOGA,14200.0,16000.0,1800.0,12.676056338028168
42119,PENNSYLVANIA,UNION,11400.0,20000.0,8600.0,75.43859649122807
42121,PENNSYLVANIA,VENANGO,7200.0,10000.0,2800.0,38.88888888888889
42125,PENNSYLVANIA,WASHINGTON,8500.0,5100.0,-3400.0,-40.0
42129,PENNSYLVANIA,WESTMORELAND,19500.0,20000.0,500.0,2.564102564102564
42131,PENNSYLVANIA,WYOMING,6600.0,6800.0,200.0,3.0303030303030303
42133,PENNSYLVANIA,YORK,73400.0,73000.0,-400.0,-0.544959128065395
45003,SOUTH CAROLINA,AIKEN,4200.0,3000.0,-1200.0,-28.57142857142857
45005,SOUTH CAROLINA,ALLENDALE,11800.0,8200.0,-3600.0,-30.508474576271187
45007,SOUTH CAROLINA,ANDERSON,1300.0,1200.0,-100.0,-7.6923076923076925
45009,SOUTH CAROLINA,BAMBERG,7100.0,5400.0,-1700.0,-23.943661971830984
45011,SOUTH CAROLINA,BARNWELL,6000.0,3200.0,-2800.0,-46.666666666666664
45015,SOUTH CAROLINA,BERKELEY,2500.0,2000.0,-500.0,-20.0
45019,SOUTH CAROLINA,CHARLESTON,600.0,1000.0,400.0,66.66666666666666
45025,SOUTH CAROLINA,CHESTERFIELD,4700.0,7200.0,2500.0,53.191489361702125
45027,SOUTH CAROLINA,CLARENDON,34800.0,33400.0,-1400.0,-4.022988505747127
45029,SOUTH CAROLINA,COLLETON,6900.0,4500.0,-2400.0,-34.78260869565217
45031,SOUTH CAROLINA,DARLINGTON,18400.0,22700.0,4300.0,23.369565217391305
45033,SOUTH CAROLINA,DILLON,11300.0,22800.0,11500.0,101.76991150442478
45035,SOUTH CAROLINA,DORCHESTER,6800.0,5200.0,-1600.0,-23.52941176470588
45041,SOUTH CAROLINA,FLORENCE,15200.0,22400.0,7200.0,47.368421052631575
45043,SOUTH CAROLINA,GEORGETOWN,1600.0,1900.0,300.0,18.75
45049,SOUTH CAROLINA,HAMPTON,9600.0,4500.0,-5100.0,-53.125
45051,SOUTH CAROLINA,HORRY,18200.0,19000.0,800.0,4.395604395604396
45055,SOUTH CAROLINA,KERSHAW,2300.0,3300.0,1000.0,43.47826086956522
45061,SOUTH CAROLINA,LEE,18900.0,27400.0,8500.0,44.97354497354497
45063,SOUTH CAROLINA,LEXINGTON,6300.0,6100.0,-200.0,-3.1746031746031744
45067,SOUTH CAROLINA,MARION,6900.0,9600.0,2700.0,39.130434782608695
45069,SOUTH CAROLINA,MARLBORO,3300.0,9400.0,6100.0,184.84848484848484
45071,SOUTH CAROLINA,NEWBERRY,5300.0,2400.0,-2900.0,-54.71698113207547
45075,SOUTH CAROLINA,ORANGEBURG,36400.0,33500.0,-2900.0,-7.967032967032966
45081,SOUTH CAROLINA,SALUDA,1500.0,1200.0,-300.0,-20.0
45083,SOUTH CAROLINA,SPARTANBURG,900.0,900.0,0.0,0.0
45085,SOUTH CAROLINA,SUMTER,35700.0,31100.0,-4600.0,-12.885154061624648
45089,SOUTH CAROLINA,WILLIAMSBURG,14900.0,17000.0,2100.0,14.093959731543624
46003,SOUTH DAKOTA,AURORA,68500.0,88100.0,19600.0,28.613138686131386
46005,SOUTH DAKOTA,BEADLE,167500.0,212500.0,45000.0,26.865671641791046
46009,SOUTH DAKOTA,BON HOMME,92000.0,104500.0,12500.0,13.586956521739129
46011,SOUTH DAKOTA,BROOKINGS,127000.0,152500.0,25500.0,20.078740157480315
46013,SOUTH DAKOTA,BROWN,259000.0,337000.0,78000.0,30.115830115830118
46015,SOUTH DAKOTA,BRULE,64000.0,101500.0,37500.0,58.59375
46019,SOUTH DAKOTA,BUTTE,6000.0,12200.0,6200.0,103.33333333333334
46021,SOUTH DAKOTA,CAMPBELL,43500.0,65200.0,21700.0,49.88505747126437
46023,SOUTH DAKOTA,CHARLES MIX,120500.0,150000.0,29500.0,24.481327800829874
46025,SOUTH DAKOTA,CLARK,99000.0,150000.0,51000.0,51.515151515151516
46027,SOUTH DAKOTA,CLAY,100000.0,111500.0,11500.0,11.5
46029,SOUTH DAKOTA,CODINGTON,78000.0,109000.0,31000.0,39.743589743589745
46037,SOUTH DAKOTA,DAY,69500.0,124500.0,55000.0,79.13669064748201
46039,SOUTH DAKOTA,DEUEL,75000.0,108000.0,33000.0,44.0
46043,SOUTH DAKOTA,DOUGLAS,67000.0,78000.0,11000.0,16.417910447761194
46045,SOUTH DAKOTA,EDMUNDS,118000.0,159000.0,41000.0,34.74576271186441
46049,SOUTH DAKOTA,FAULK,71000.0,142000.0,71000.0,100.0
46051,SOUTH DAKOTA,GRANT,81500.0,114000.0,32500.0,39.87730061349693
46053,SOUTH DAKOTA,GREGORY,49000.0,66900.0,17900.0,36.53061224489796
46055,SOUTH DAKOTA,HAAKON,5500.0,29500.0,24000.0,436.3636363636363
46057,SOUTH DAKOTA,HAMLIN,89000.0,111000.0,22000.0,24.719101123595504
46059,SOUTH DAKOTA,HAND,105500.0,187500.0,82000.0,77.72511848341233
46061,SOUTH DAKOTA,HANSON,75500.0,88500.0,13000.0,17.218543046357617
46067,SOUTH DAKOTA,HUTCHINSON,152500.0,168500.0,16000.0,10.491803278688524
46069,SOUTH DAKOTA,HYDE,31500.0,72800.0,41300.0,131.11111111111111
46073,SOUTH DAKOTA,JERAULD,37500.0,62200.0,24700.0,65.86666666666666
46077,SOUTH DAKOTA,KINGSBURY,128000.0,159000.0,31000.0,24.21875
46079,SOUTH DAKOTA,LAKE,116000.0,135500.0,19500.0,16.810344827586206
46083,SOUTH DAKOTA,LINCOLN,155000.0,152500.0,-2500.0,-1.6129032258064515
46085,SOUTH DAKOTA,LYMAN,29000.0,61700.0,32700.0,112.75862068965516
46087,SOUTH DAKOTA,MCCOOK,128500.0,133500.0,5000.0,3.8910505836575875
46089,SOUTH DAKOTA,MCPHERSON,47500.0,87600.0,40100.0,84.42105263157896
46091,SOUTH DAKOTA,MARSHALL,65500.0,117000.0,51500.0,78.62595419847328
46097,SOUTH DAKOTA,MINER,69500.0,90500.0,21000.0,30.215827338129497
46099,SOUTH DAKOTA,MINNEHAHA,166500.0,184500.0,18000.0,10.81081081081081
46101,SOUTH DAKOTA,MOODY,133500.0,151000.0,17500.0,13.108614232209737
46107,SOUTH DAKOTA,POTTER,67500.0,104500.0,37000.0,54.81481481481482
46109,SOUTH DAKOTA,ROBERTS,93500.0,164500.0,71000.0,75.93582887700535
46115,SOUTH DAKOTA,SPINK,199500.0,304500.0,105000.0,52.63157894736842
46119,SOUTH DAKOTA,SULLY,66500.0,123000.0,56500.0,84.9624060150376
46121,SOUTH DAKOTA,TODD,9500.0,18700.0,9200.0,96.84210526315789
46123,SOUTH DAKOTA,TRIPP,73000.0,106000.0,33000.0,45.20547945205479
46125,SOUTH DAKOTA,TURNER,158000.0,163000.0,5000.0,3.1645569620253164
46127,SOUTH DAKOTA,UNION,127000.0,130000.0,3000.0,2.3622047244094486
46129,SOUTH DAKOTA,WALWORTH,40000.0,71200.0,31200.0,78.0
46135,SOUTH DAKOTA,YANKTON,91000.0,104000.0,13000.0,14.285714285714285
47003,TENNESSEE,BEDFORD,5000.0,10000.0,5000.0,100.0
47005,TENNESSEE,BENTON,3000.0,6900.0,3900.0,130.0
47009,TENNESSEE,BLOUNT,2500.0,2700.0,200.0,8.0
47015,TENNESSEE,CANNON,4800.0,6200.0,1400.0,29.166666666666668
47017,TENNESSEE,CARROLL,19500.0,35000.0,15500.0,79.48717948717949
47021,TENNESSEE,CHEATHAM,1400.0,2200.0,800.0,57.14285714285714
47023,TENNESSEE,CHESTER,3000.0,7000.0,4000.0,133.33333333333331
47031,TENNESSEE,COFFEE,19000.0,25000.0,6000.0,31.57894736842105
47033,TENNESSEE,CROCKETT,3000.0,35000.0,32000.0,1066.6666666666665
47035,TENNESSEE,CUMBERLAND,1500.0,2600.0,1100.0,73.33333333333333
47039,TENNESSEE,DECATUR,2100.0,3800.0,1700.0,80.95238095238095
47045,TENNESSEE,DYER,13500.0,50000.0,36500.0,270.3703703703704
47047,TENNESSEE,FAYETTE,8700.0,24600.0,15900.0,182.75862068965517
47049,TENNESSEE,FENTRESS,800.0,1500.0,700.0,87.5
47051,TENNESSEE,FRANKLIN,21500.0,22500.0,1000.0,4.651162790697675
47053,TENNESSEE,GIBSON,37500.0,85000.0,47500.0,126.66666666666666
47055,TENNESSEE,GILES,11600.0,14000.0,2400.0,20.689655172413794
47057,TENNESSEE,GRAINGER,1300.0,900.0,-400.0,-30.76923076923077
47061,TENNESSEE,GRUNDY,2000.0,3000.0,1000.0,50.0
47065,TENNESSEE,HAMILTON,600.0,700.0,100.0,16.666666666666664
47069,TENNESSEE,HARDEMAN,4300.0,11200.0,6900.0,160.46511627906978
47071,TENNESSEE,HARDIN,6300.0,9000.0,2700.0,42.857142857142854
47073,TENNESSEE,HAWKINS,750.0,1500.0,750.0,100.0
47075,TENNESSEE,HAYWOOD,6500.0,44000.0,37500.0,576.9230769230769
47077,TENNESSEE,HENDERSON,7900.0,15000.0,7100.0,89.87341772151899
47079,TENNESSEE,HENRY,36000.0,44000.0,8000.0,22.22222222222222
47081,TENNESSEE,HICKMAN,2400.0,3100.0,700.0,29.166666666666668
47085,TENNESSEE,HUMPHREYS,6300.0,6800.0,500.0,7.936507936507936
47091,TENNESSEE,JOHNSON,900.0,1200.0,300.0,33.33333333333333
47095,TENNESSEE,LAKE,7200.0,18500.0,11300.0,156.94444444444443
47097,TENNESSEE,LAUDERDALE,5300.0,32600.0,27300.0,515.0943396226415
47099,TENNESSEE,LAWRENCE,14500.0,27500.0,13000.0,89.65517241379311
47103,TENNESSEE,LINCOLN,9600.0,18000.0,8400.0,87.5
47109,TENNESSEE,MCNAIRY,6000.0,10000.0,4000.0,66.66666666666666
47111,TENNESSEE,MACON,2000.0,2800.0,800.0,40.0
47113,TENNESSEE,MADISON,6200.0,33000.0,26800.0,432.258064516129
47115,TENNESSEE,MARION,1700.0,2200.0,500.0,29.411764705882355
47117,TENNESSEE,MARSHALL,3400.0,5400.0,2000.0,58.82352941176471
47119,TENNESSEE,MAURY,7400.0,9900.0,2500.0,33.78378378378378
47121,TENNESSEE,MEIGS,1100.0,2300.0,1200.0,109.09090909090908
47123,TENNESSEE,MONROE,3400.0,6400.0,3000.0,88.23529411764706
47125,TENNESSEE,MONTGOMERY,16500.0,19200.0,2700.0,16.363636363636363
47131,TENNESSEE,OBION,56500.0,82500.0,26000.0,46.017699115044245
47135,TENNESSEE,PERRY,1100.0,1700.0,600.0,54.54545454545454
47143,TENNESSEE,RHEA,1200.0,2200.0,1000.0,83.33333333333334
47147,TENNESSEE,ROBERTSON,31500.0,40000.0,8500.0,26.984126984126984
47149,TENNESSEE,RUTHERFORD,4000.0,9000.0,5000.0,125.0
47153,TENNESSEE,SEQUATCHIE,900.0,1100.0,200.0,22.22222222222222
47157,TENNESSEE,SHELBY,3100.0,15400.0,12300.0,396.7741935483871
47159,TENNESSEE,SMITH,2000.0,2400.0,400.0,20.0
47161,TENNESSEE,STEWART,2200.0,4000.0,1800.0,81.81818181818183
47163,TENNESSEE,SULLIVAN,1600.0,2300.0,700.0,43.75
47165,TENNESSEE,SUMNER,6700.0,13400.0,6700.0,100.0
47167,TENNESSEE,TIPTON,6400.0,34000.0,27600.0,431.25
47177,TENNESSEE,WARREN,4700.0,9600.0,4900.0,104.25531914893618
47181,TENNESSEE,WAYNE,2100.0,3700.0,1600.0,76.19047619047619
47183,TENNESSEE,WEAKLEY,57000.0,80500.0,23500.0,41.228070175438596
47185,TENNESSEE,WHITE,2600.0,5100.0,2500.0,96.15384615384616
47187,TENNESSEE,WILLIAMSON,3800.0,3400.0,-400.0,-10.526315789473683
48015,TEXAS,AUSTIN,5400.0,4400.0,-1000.0,-18.51851851851852
48025,TEXAS,BEE,8500.0,11900.0,3400.0,40.0
48027,TEXAS,BELL,67500.0,51400.0,-16100.0,-23.85185185185185
48029,TEXAS,BEXAR,6900.0,7700.0,800.0,11.594202898550725
48039,TEXAS,BRAZORIA,7100.0,10600.0,3500.0,49.29577464788733
48051,TEXAS,BURLESON,11300.0,12700.0,1400.0,12.389380530973451
48055,TEXAS,CALDWELL,4800.0,5100.0,300.0,6.25
48057,TEXAS,CALHOUN,18100.0,19900.0,1800.0,9.94475138121547
48065,TEXAS,CARSON,9800.0,19900.0,10100.0,103.0612244897959
48069,TEXAS,CASTRO,78600.0,98300.0,19700.0,25.06361323155216
48085,TEXAS,COLLIN,35900.0,22000.0,-13900.0,-38.71866295264624
48089,TEXAS,COLORADO,10200.0,11500.0,1300.0,12.745098039215685
48097,TEXAS,COOKE,3800.0,1900.0,-1900.0,-50.0
48099,TEXAS,CORYELL,9200.0,6600.0,-2600.0,-28.26086956521739
48111,TEXAS,DALLAM,130300.0,96100.0,-34200.0,-26.247122026093628
48117,TEXAS,DEAF SMITH,23200.0,45300.0,22100.0,95.25862068965517
48121,TEXAS,DENTON,3100.0,3600.0,500.0,16.129032258064516
48123,TEXAS,DE WITT,6200.0,5200.0,-1000.0,-16.129032258064516
48139,TEXAS,ELLIS,27800.0,19800.0,-8000.0,-28.776978417266186
48145,TEXAS,FALLS,65800.0,52300.0,-13500.0,-20.51671732522796
48147,TEXAS,FANNIN,15700.0,12300.0,-3400.0,-21.656050955414013
48149,TEXAS,FAYETTE,9400.0,9300.0,-100.0,-1.0638297872340425
48153,TEXAS,FLOYD,6400.0,13500.0,7100.0,110.9375
48157,TEXAS,FORT BEND,9800.0,10700.0,900.0,9.183673469387756
48163,TEXAS,FRIO,1600.0,10700.0,9100.0,568.75
48171,TEXAS,GILLESPIE,1200.0,1700.0,500.0,41.66666666666667
48179,TEXAS,GRAY,4500.0,7100.0,2600.0,57.77777777777777
48181,TEXAS,GRAYSON,20950.0,13700.0,-7250.0,-34.60620525059666
48187,TEXAS,GUADALUPE,15200.0,15300.0,100.0,0.6578947368421052
48189,TEXAS,HALE,17000.0,26900.0,9900.0,58.235294117647065
48195,TEXAS,HANSFORD,33100.0,57700.0,24600.0,74.32024169184291
48205,TEXAS,HARTLEY,110000.0,115000.0,5000.0,4.545454545454546
48215,TEXAS,HIDALGO,20700.0,27200.0,6500.0,31.40096618357488
48217,TEXAS,HILL,70400.0,56800.0,-13600.0,-19.318181818181817
48231,TEXAS,HUNT,7500.0,2900.0,-4600.0,-61.33333333333333
48233,TEXAS,HUTCHINSON,11300.0,16500.0,5200.0,46.017699115044245
48239,TEXAS,JACKSON,62700.0,76200.0,13500.0,21.5311004784689
48249,TEXAS,JIM WELLS,9700.0,13000.0,3300.0,34.02061855670103
48251,TEXAS,JOHNSON,6200.0,3800.0,-2400.0,-38.70967741935484
48255,TEXAS,KARNES,7000.0,8700.0,1700.0,24.285714285714285
48277,TEXAS,LAMAR,17900.0,16200.0,-1700.0,-9.497206703910614
48279,TEXAS,LAMB,31300.0,44000.0,12700.0,40.57507987220447
48285,TEXAS,LAVACA,3400.0,2500.0,-900.0,-26.47058823529412
48293,TEXAS,LIMESTONE,12100.0,6400.0,-5700.0,-47.107438016528924
48309,TEXAS,MCLENNAN,69700.0,47300.0,-22400.0,-32.1377331420373
48321,TEXAS,MATAGORDA,6300.0,19000.0,12700.0,201.58730158730157
48325,TEXAS,MEDINA,14300.0,26400.0,12100.0,84.61538461538461
48331,TEXAS,MILAM,45500.0,22800.0,-22700.0,-49.89010989010989
48341,TEXAS,MOORE,50700.0,51100.0,400.0,0.7889546351084813
48349,TEXAS,NAVARRO,14000.0,11400.0,-2600.0,-18.571428571428573
48369,TEXAS,PARMER,68200.0,53400.0,-14800.0,-21.700879765395893
48409,TEXAS,SAN PATRICIO,4200.0,11600.0,7400.0,176.19047619047618
48421,TEXAS,SHERMAN,68400.0,82300.0,13900.0,20.321637426900587
48437,TEXAS,SWISHER,11500.0,9400.0,-2100.0,-18.26086956521739
48451,TEXAS,TOM GREEN,4200.0,2800.0,-1400.0,-33.33333333333333
48453,TEXAS,TRAVIS,10600.0,11900.0,1300.0,12.264150943396226
48463,TEXAS,UVALDE,12600.0,20100.0,7500.0,59.523809523809526
48469,TEXAS,VICTORIA,21800.0,31000.0,9200.0,42.201834862385326
48473,TEXAS,WALLER,7000.0,5200.0,-1800.0,-25.71428571428571
48481,TEXAS,WHARTON,49700.0,74600.0,24900.0,50.10060362173038
48491,TEXAS,WILLIAMSON,88700.0,75300.0,-13400.0,-15.107102593010147
48493,TEXAS,WILSON,4800.0,8200.0,3400.0,70.83333333333334
48507,TEXAS,ZAVALA,1800.0,4400.0,2600.0,144.44444444444443
51001,VIRGINIA,ACCOMACK,22000.0,24200.0,2200.0,10.0
51007,VIRGINIA,AMELIA,5500.0,6200.0,700.0,12.727272727272727
51011,VIRGINIA,APPOMATTOX,900.0,800.0,-100.0,-11.11111111111111
51015,VIRGINIA,AUGUSTA,27000.0,19500.0,-7500.0,-27.77777777777778
51017,VIRGINIA,BATH,700.0,1000.0,300.0,42.857142857142854
51021,VIRGINIA,BLAND,900.0,1000.0,100.0,11.11111111111111
51029,VIRGINIA,BUCKINGHAM,500.0,1600.0,1100.0,220.00000000000003
51031,VIRGINIA,CAMPBELL,3000.0,2100.0,-900.0,-30.0
51033,VIRGINIA,CAROLINE,14000.0,15000.0,1000.0,7.142857142857142
51036,VIRGINIA,CHARLES CITY,7200.0,7900.0,700.0,9.722222222222223
51037,VIRGINIA,CHARLOTTE,2900.0,2700.0,-200.0,-6.896551724137931
51043,VIRGINIA,CLARKE,4100.0,5400.0,1300.0,31.70731707317073
51047,VIRGINIA,CULPEPER,11000.0,11700.0,700.0,6.363636363636363
51057,VIRGINIA,ESSEX,21000.0,20100.0,-900.0,-4.285714285714286
51061,VIRGINIA,FAUQUIER,10500.0,15200.0,4700.0,44.761904761904766
51067,VIRGINIA,FRANKLIN,15500.0,13100.0,-2400.0,-15.483870967741936
51069,VIRGINIA,FREDERICK,2900.0,3700.0,800.0,27.586206896551722
51075,VIRGINIA,GOOCHLAND,5000.0,4700.0,-300.0,-6.0
51079,VIRGINIA,GREENE,600.0,600.0,0.0,0.0
51081,VIRGINIA,GREENSVILLE,1100.0,1300.0,200.0,18.181818181818183
51083,VIRGINIA,HALIFAX,4100.0,2800.0,-1300.0,-31.70731707317073
51085,VIRGINIA,HANOVER,12500.0,17700.0,5200.0,41.6
51097,VIRGINIA,KING AND QUEEN,15000.0,15300.0,300.0,2.0
51099,VIRGINIA,KING GEORGE,4000.0,4100.0,100.0,2.5
51101,VIRGINIA,KING WILLIAM,13500.0,12200.0,-1300.0,-9.62962962962963
51105,VIRGINIA,LEE,600.0,900.0,300.0,50.0
51107,VIRGINIA,LOUDOUN,4300.0,9400.0,5100.0,118.6046511627907
51109,VIRGINIA,LOUISA,3600.0,3400.0,-200.0,-5.555555555555555
51113,VIRGINIA,MADISON,6800.0,7600.0,800.0,11.76470588235294
51115,VIRGINIA,MATHEWS,1000.0,1000.0,0.0,0.0
51119,VIRGINIA,MIDDLESEX,5000.0,6800.0,1800.0,36.0
51131,VIRGINIA,NORTHAMPTON,9400.0,10600.0,1200.0,12.76595744680851
51133,VIRGINIA,NORTHUMBERLAND,15000.0,16400.0,1400.0,9.333333333333334
51135,VIRGINIA,NOTTOWAY,1700.0,2500.0,800.0,47.05882352941176
51137,VIRGINIA,ORANGE,10500.0,7800.0,-2700.0,-25.71428571428571
51139,VIRGINIA,PAGE,4000.0,4200.0,200.0,5.0
51147,VIRGINIA,PRINCE EDWARD,2000.0,1900.0,-100.0,-5.0
51153,VIRGINIA,PRINCE WILLIAM,1600.0,1600.0,0.0,0.0
51159,VIRGINIA,RICHMOND,12500.0,13300.0,800.0,6.4
51165,VIRGINIA,ROCKINGHAM,31000.0,29000.0,-2000.0,-6.451612903225806
51171,VIRGINIA,SHENANDOAH,9000.0,13400.0,4400.0,48.888888888888886
51175,VIRGINIA,SOUTHAMPTON,8300.0,10800.0,2500.0,30.120481927710845
51177,VIRGINIA,SPOTSYLVANIA,2100.0,3800.0,1700.0,80.95238095238095
51179,VIRGINIA,STAFFORD,1300.0,1600.0,300.0,23.076923076923077
51181,VIRGINIA,SURRY,6600.0,7000.0,400.0,6.0606060606060606
51191,VIRGINIA,WASHINGTON,2600.0,3300.0,700.0,26.923076923076923
51193,VIRGINIA,WESTMORELAND,15000.0,14400.0,-600.0,-4.0
51197,VIRGINIA,WYTHE,4700.0,5500.0,800.0,17.02127659574468
51550,VIRGINIA,CHESAPEAKE CITY,12000.0,11000.0,-1000.0,-8.333333333333332
51800,VIRGINIA,SUFFOLK CITY,8100.0,7400.0,-700.0,-8.641975308641975
51810,VIRGINIA,VIRGINIA BEACH CITY,5500.0,7500.0,2000.0,36.36363636363637
53025,WASHINGTON,GRANT,37500.0,58000.0,20500.0,54.666666666666664
53077,WASHINGTON,YAKIMA,33400.0,41000.0,7600.0,22.75449101796407
54003,WEST VIRGINIA,BERKELEY,3800.0,4900.0,1100.0,28.947368421052634
54031,WEST VIRGINIA,HARDY,5600.0,6000.0,400.0,7.142857142857142
54037,WEST VIRGINIA,JEFFERSON,12100.0,14800.0,2700.0,22.31404958677686
54053,WEST VIRGINIA,MASON,4600.0,4000.0,-600.0,-13.043478260869565
54077,WEST VIRGINIA,PRESTON,2700.0,2900.0,200.0,7.4074074074074066
55001,WISCONSIN,ADAMS,19300.0,32500.0,13200.0,68.39378238341969
55005,WISCONSIN,BARRON,80000.0,100000.0,20000.0,25.0
55009,WISCONSIN,BROWN,71400.0,71400.0,0.0,0.0
55011,WISCONSIN,BUFFALO,60700.0,76000.0,15300.0,25.205930807248766
55013,WISCONSIN,BURNETT,13300.0,17000.0,3700.0,27.819548872180448
55015,WISCONSIN,CALUMET,51000.0,50800.0,-200.0,-0.39215686274509803
55017,WISCONSIN,CHIPPEWA,86800.0,104000.0,17200.0,19.81566820276498
55019,WISCONSIN,CLARK,77200.0,94800.0,17600.0,22.797927461139896
55021,WISCONSIN,COLUMBIA,120000.0,140000.0,20000.0,16.666666666666664
55023,WISCONSIN,CRAWFORD,29500.0,41000.0,11500.0,38.983050847457626
55025,WISCONSIN,DANE,186000.0,208000.0,22000.0,11.827956989247312
55027,WISCONSIN,DODGE,140000.0,166000.0,26000.0,18.571428571428573
55029,WISCONSIN,DOOR,22000.0,27500.0,5500.0,25.0
55033,WISCONSIN,DUNN,90500.0,112000.0,21500.0,23.756906077348066
55035,WISCONSIN,EAU CLAIRE,40000.0,49500.0,9500.0,23.75
55039,WISCONSIN,FOND DU LAC,102000.0,120000.0,18000.0,17.647058823529413
55043,WISCONSIN,GRANT,143000.0,182000.0,39000.0,27.27272727272727
55045,WISCONSIN,GREEN,96000.0,121000.0,25000.0,26.041666666666668
55047,WISCONSIN,GREEN LAKE,53000.0,55500.0,2500.0,4.716981132075472
55049,WISCONSIN,IOWA,66000.0,90000.0,24000.0,36.36363636363637
55053,WISCONSIN,JACKSON,37900.0,55500.0,17600.0,46.437994722955146
55055,WISCONSIN,JEFFERSON,84000.0,92000.0,8000.0,9.523809523809524
55057,WISCONSIN,JUNEAU,38000.0,42800.0,4800.0,12.631578947368421
55059,WISCONSIN,KENOSHA,30800.0,34000.0,3200.0,10.38961038961039
55061,WISCONSIN,KEWAUNEE,44800.0,54000.0,9200.0,20.535714285714285
55063,WISCONSIN,LA CROSSE,31900.0,35500.0,3600.0,11.285266457680251
55065,WISCONSIN,LAFAYETTE,117000.0,151500.0,34500.0,29.48717948717949
55067,WISCONSIN,LANGLADE,11200.0,14900.0,3700.0,33.035714285714285
55069,WISCONSIN,LINCOLN,7300.0,9100.0,1800.0,24.65753424657534
55071,WISCONSIN,MANITOWOC,65000.0,77100.0,12100.0,18.615384615384613
55073,WISCONSIN,MARATHON,96800.0,114000.0,17200.0,17.768595041322314
55075,WISCONSIN,MARINETTE,34600.0,39300.0,4700.0,13.583815028901732
55077,WISCONSIN,MARQUETTE,29400.0,38000.0,8600.0,29.25170068027211
55079,WISCONSIN,MILWAUKEE,500.0,1700.0,1200.0,240.0
55081,WISCONSIN,MONROE,53300.0,66300.0,13000.0,24.390243902439025
55083,WISCONSIN,OCONTO,59000.0,68800.0,9800.0,16.610169491525422
55087,WISCONSIN,OUTAGAMIE,93100.0,87500.0,-5600.0,-6.015037593984962
55089,WISCONSIN,OZAUKEE,15900.0,18500.0,2600.0,16.352201257861633
55091,WISCONSIN,PEPIN,27000.0,32600.0,5600.0,20.74074074074074
55093,WISCONSIN,PIERCE,73800.0,88600.0,14800.0,20.05420054200542
55095,WISCONSIN,POLK,59000.0,73300.0,14300.0,24.23728813559322
55097,WISCONSIN,PORTAGE,45000.0,53000.0,8000.0,17.77777777777778
55101,WISCONSIN,RACINE,36300.0,37500.0,1200.0,3.3057851239669422
55103,WISCONSIN,RICHLAND,33500.0,46500.0,13000.0,38.80597014925373
55105,WISCONSIN,ROCK,152000.0,166000.0,14000.0,9.210526315789473
55107,WISCONSIN,RUSK,20700.0,28400.0,7700.0,37.19806763285024
55109,WISCONSIN,ST CROIX,77500.0,104000.0,26500.0,34.193548387096776
55111,WISCONSIN,SAUK,77500.0,91500.0,14000.0,18.064516129032256
55113,WISCONSIN,SAWYER,5000.0,7900.0,2900.0,57.99999999999999
55115,WISCONSIN,SHAWANO,76400.0,89000.0,12600.0,16.49214659685864
55117,WISCONSIN,SHEBOYGAN,49300.0,54700.0,5400.0,10.953346855983773
55119,WISCONSIN,TAYLOR,33000.0,42500.0,9500.0,28.78787878787879
55121,WISCONSIN,TREMPEALEAU,74400.0,95000.0,20600.0,27.688172043010752
55123,WISCONSIN,VERNON,58500.0,71500.0,13000.0,22.22222222222222
55127,WISCONSIN,WALWORTH,95500.0,112000.0,16500.0,17.277486910994764
55129,WISCONSIN,WASHBURN,11900.0,14000.0,2100.0,17.647058823529413
55131,WISCONSIN,WASHINGTON,31800.0,35900.0,4100.0,12.89308176100629
55133,WISCONSIN,WAUKESHA,27200.0,26400.0,-800.0,-2.941176470588235
55135,WISCONSIN,WAUPACA,59500.0,69500.0,10000.0,16.80672268907563
55137,WISCONSIN,WAUSHARA,30000.0,38700.0,8700.0,28.999999999999996
55139,WISCONSIN,WINNEBAGO,49400.0,52000.0,2600.0,5.263157894736842
55141,WISCONSIN,WOOD,37800.0,44000.0,6200.0,16.402116402116402
56015,WYOMING,GOSHEN,41000.0,42200.0,1200.0,2.9268292682926833
56021,WYOMING,LARAMIE,7500.0,14600.0,7100.0,94.66666666666667
